ID,CURRENT_STEP,CURRENT_GUIDE,USER_ID,USER_MESSAGE,TIMESTAMP,GPT_ANSWER_VALIDATOR_REPLY,FAIL_COUNT,GPT_ANSWER_FEEDBACK,GPT_FEEDBACK
1,1,Guide0,u008,7,2025/3/17  15:29:56 AM,FALSE,0,您的回答是 7，但正確答案是 13。請重新檢視解題過程。,小巷的深處隱藏著許多死角，陰暗的角落似乎藏著未知的危險。「不僅雨水模糊了視線，巷內的迂迴路徑也讓小明無法輕易逃脫，四周的靜謐讓恐懼加倍蔓延。」
2,1,Guide0,u030,11,2025/3/17  15:30:00 AM,FALSE,0,使用者的回答不正確，正確答案是 13。,“小晴腳下的地面濕滑不已，時不時還有垃圾箱擋住去路，她不得不小心翼翼地繞過，這讓她的逃跑速度減慢，背後的腳步聲愈發迫近。”
3,1,Guide0,u013,16,2025/3/17  15:30:16 AM,FALSE,0,你的回答不正確，請重新檢查問題的描述和提供的資料。,李明的跑動因為“地面濕滑，腳下不穩而變得困難”，每一步都需謹慎，以免摔倒，這使他感到更加恐慌，追逐者的陰影也隨之逼近。
4,1,Guide0,u035,14,2025/3/17  15:30:39 AM,FALSE,0,使用者提供的回答不符合正確答案。,小婷突然感到腳下一滑，摔倒在地。她的手機也從手中飛出，屏幕碎裂的聲音像噩夢般刺耳。這個“夜晚無燈光的巷道”讓她完全失去了逃生的機會，恐懼之感加倍蔓延。
5,1,Guide0,u032,12,2025/3/17  15:30:43 AM,FALSE,0,你的回答是12，但正確答案是13。若有問題，請再詳讀題目並重新思考。,"""巷子裡的濃霧如同一片迷宮，阻擋了李明的視線，讓他更加無法分辨方向。路面濕滑，隨時都有可能摔倒，使逃脫的希望愈加渺茫。"""
6,1,Guide2,u008,6,2025/3/17  15:30:50 AM,FALSE,1,您的回答是6，但正確答案是3。根據解題過程，從A到H島可在三回合內抵達的路線有3種。,"""巷內瀰漫著刺鼻的霉味與水氣，讓小明呼吸困難，而彎曲的巷道似乎永遠無法結束，讓他無法確定逃脫的方向。"""
7,1,Guide0,u038,8,2025/3/17  15:30:55 AM,FALSE,0,根據正確答案，第五回合結束，最多有 13 隻海狸可以到達 H 島。請再檢查題目的條件和過程。,"""他突然注意到，公園裡的路燈閃爍著微弱的光，光線不穩定讓他無法看清前方的路徑，讓他的逃跑變得更加艱難。"" 陳宇心中暗道不妙，恐懼如潮水般湧來，腳步卻因意外的障礙而變得沉重。"
8,1,Guide2,u030,2,2025/3/17  15:31:19 AM,FALSE,1,答案錯誤，正確答案是3。,“小晴發現巷子裡的燈光越來越暗，前方有一扇大門緊閉，無法進入，她只能絕望地繞過。”她的心中充滿無助，知道逃生的路越來越窄。
9,1,Guide2,u032,5,2025/3/17  15:31:24 AM,FALSE,1,你的回答『5』與正確答案不符，請重新檢查你的計算過程。,"""冷風吹過，增添了夜晚的寒意，李明的手指開始僵硬，行動也變得遲緩。每一次呼吸都似乎是對體力的考驗，逃亡的希望在這種惡劣環境中愈加渺茫。"""
10,1,Guide0,u017,12,2025/3/17  15:31:26 AM,FALSE,0,你的回答是12，正確答案是13。,「地面濕滑，讓李明的腳步不穩，隨時都有可能摔倒。」隨著他急促的奔跑，雨水將街道變得更加滑膩，每一次踩下去都帶來危險，心中的恐懼愈發加深。
11,1,Guide0,u007,9,2025/3/17  15:31:30 AM,FALSE,0,您的回答有誤，正確答案是 13。,“街道狹窄，四周都沒有行人，逃生的選擇非常有限。”林宇感到無比絕望，眼前的黑影持續逼近，令他心中的恐慌陡然加劇。他知道，若不快點逃離，後果將不堪設想。
12,1,Guide2,u013,3,2025/3/17  15:31:32 AM,TRUE,0,使用者的回答正確。,李明突然看見前方有一扇半開的門，他毫不猶豫地衝了過去，心中默念著“躲進去，或許能暫時逃脫追逐者”。他迅速閃身進入，關上門，隨即屏住呼吸，靜候著一絲曙光。
13,1,Guide0,u010,10,2025/3/17  15:31:35 AM,FALSE,0,正確答案是 13，需要更多的分析來了解海狸的分散和路線。,"""濃厚的霧氣使視線模糊，讓李明無法辨認出安全的方向，加上街道狹窄，幾乎無法找到隱藏的空間，令逃生的希望愈發渺茫。"""
14,1,Guide2,u030,3,2025/3/17  15:31:40 AM,TRUE,1,使用者的回答是正確的。,“小晴注意到前方有一條側巷，雖然不知通向何方，但她決定冒險一試。心中一陣希望，她快速轉身，期待這條路能帶她逃離那可怕的追逐。”
15,1,Guide2,u008,3,2025/3/17  15:31:53 AM,TRUE,1,使用者的回答是正確的，回應與正確答案意思相符。,“突然，他注意到前方的微弱光線，那是巷子出口的一扇透明窗。小明心中燃起一絲希望，隨著腳步更加急促，迅速朝著那道光明奔去，背後的腳步聲似乎也漸漸遠去。”
16,1,Guide3,u030,4,2025/3/17  15:31:54 AM,TRUE,1,你的回答是正確的，B島在第一回合後有4隻海狸。,“小晴突然聽到前方傳來輕柔的音樂，她心中一亮，快速向聲音的方向奔去。這條側巷似乎通向一個小酒吧，希望能在那裡找到暫時的庇護，逃離可怕的追趕。”
17,1,Guide2,u038,3,2025/3/17  15:31:55 AM,TRUE,0,您的回答是正確的，確實有三種路線可以在三回合內抵達H島。,"""陳宇突然注意到前方有一棵粗大的樹，隱隱約約可見一條小徑通向公園出口，他心中一振，心跳稍微平穩，毅然朝那條小徑跑去，開始幻想著安全的光明與自由。"""
18,1,Guide2,u035,3,2025/3/17  15:32:06 AM,TRUE,0,你的回答正確。,“小婷注意到旁邊有一扇半開的門，她鼓起勇氣，朝那裡奔去。”月光照亮了那扇門，似乎是唯一的出路。心中雖然還存有恐懼，但生存的本能促使她做好最後的嘗試。
19,1,Guide0,u011,8,2025/3/17  15:32:08 AM,FALSE,0,您的回答不正確，請重新檢查問題和計算過程。,"""胡同的轉角暗藏陰影，瞬間讓她迷失方向，心中的恐懼加倍。她感到前方的路越來越窄，彷彿無法逃脫那雙追逐的眼睛，四周的雨聲也變得更加迫切。"""
20,1,Guide4,u030,1,2025/3/17  15:32:08 AM,TRUE,1,你的回答是正確的。,“小晴推開酒吧的門，裡面溫暖的燈光和歡快的音樂瞬間驅散了她的恐懼。她的心漸漸平靜下來，周圍的笑聲讓她感受到了一絲安全。”
21,1,Guide3,u008,4,2025/3/17  15:32:11 AM,TRUE,1,您的回答正確，與正確答案意思相符。,“當小明衝出巷子，眼前出現一輛停著的計程車，駕駛員正專注於手中的手機。”他心中一陣激動，迅速朝計程車奔去，拼命呼喊求救，渴望能擺脫那無形的追逐。
22,1,Guide0,u003,3,2025/3/17  15:32:11 AM,FALSE,0,你的回答是 3，正確答案是 13。請檢查你的計算過程，確保所有可能的海狸都能在第五回合結束時到達 H 島。,"""身後悄然逼近的影子，讓王明感受到不祥的威脅；而濃霧在夜空中蔓延，遮蔽了他的視線，讓逃離的道路更加迷惘與危險。"""
23,1,Guide0,u034,9,2025/3/17  15:32:21 AM,FALSE,0,正確答案為 13，但您的回答為 9。請檢查您的推理過程。,"""巷子狹窄，無法迴避的死胡同隱藏在前方。""李翔心中一緊，奔跑中的絕望瞬間加深，他知道自己若無法在此絕境中找到出路，將再難逃脫追擊者的追逐。"
24,1,Guide3,u038,4,2025/3/17  15:32:22 AM,TRUE,0,您的回答正確。,"""就在此刻，他的手機撥通了一個急促的電話，熟悉的聲音驚呼著告訴他可以就近的安全位置。陳宇心中一亮，迅速轉身，跟著聲音的指引向出口奔去，信心瞬間增強。"""
25,1,Guide3,u035,4,2025/3/17  15:32:22 AM,TRUE,0,你的回答正確，B島有4隻海狸。,"""小婷推開那扇門，裡面傳來微弱的燈光和溫暖的氣息，令她心中一陣安慰。她迅速躲進裡面，關上門，心跳逐漸平息，耳邊的腳步聲隱約消失，她暫時躲過了危險。"""
26,1,Guide5,u030,3,2025/3/17  15:32:22 AM,TRUE,1,回答正確。,“小晴在轉角處看見一群熱鬧的年輕人，心中燃起一絲希望。她加快腳步，沖向人群，尋求保護，想要擺脫那可怕的追逐。”
27,1,Guide4,u008,1,2025/3/17  15:32:23 AM,TRUE,1,您的回答正確。,“突然，計程車的駕駛員抬起頭，看到小明驚慌失措的樣子，立刻開門讓他進去。”小明如釋重負，迅速跳進車內，心中燃起一絲希望，渴望能逃離這場噩夢。
28,1,Guide4,u038,1,2025/3/17  15:32:33 AM,TRUE,0,你的答案是正確的。,"""就在他快要絕望時，附近的路燈突然亮起，照亮了前方的道路。"" 陳宇心中一凜，迅速加快腳步，逃離那股恐怖的追趕，心中感謝著這一絲希望的光明。"
29,1,Guide5,u008,3,2025/3/17  15:32:35 AM,TRUE,1,您的回答正確。,小明在車內深吸一口氣，突然注意到駕駛員的手握著一個黑色電筒。他心中一亮，心想：“這或許能用來驅散追逐者的黑影。”他立刻告訴駕駛員：“快，用這個照亮後面！”
30,1,Guide3,u013,4,2025/3/17  15:32:36 AM,TRUE,0,您的回答是正確的。,"""門後是一個狹小的儲藏室，李明發現牆角有一隻舊木箱，他細心將箱子推到門前，增加一層屏障，隨後迅速尋找其他可以藏身的地方，心中燃起了一絲希望。"""
31,1,Guide0,u012,11,2025/3/17  15:32:39 AM,FALSE,0,回答不正確，請再檢查解題過程。,"""樹叢中的黑影仿佛不止一個，交錯的腳步聲讓小玲無法分辨前後，更增添了她心中的恐慌。就在她想要尋找藏身之處時，地面卻因雨水而變得更加滑溜，她隨時可能摔倒。"""
32,1,Guide0,u016,13,2025/3/17  15:32:39 AM,TRUE,0,你的回答是正確的！,"在慌亂中，阿偉突然注意到前方一扇亮著光的咖啡店，心中燃起一絲希望。他衝進店內，閉上眼緊貼著牆壁，屏息等待背後的腳步聲漸漸遠去。 ""這裡是暫時的避風港。"""
33,1,Guide2,u032,4,2025/3/17  15:32:39 AM,FALSE,2,您的答案是4，並不符合正確答案3。請再檢查您的解題過程。,"""陰暗的巷弄充滿了不確定性，轉角處隱藏著潛在的危險。""李明每前進一步，心中不安的感覺愈加強烈，腳步聲近在耳邊，隨時可能遭遇更大的威脅。他的逃亡路徑變得更加艱難，生死未卜。"
34,1,Guide2,u007,2,2025/3/17  15:32:40 AM,FALSE,1,你的回答是 2，但問題要求計算能在三回合內抵達H島的路線數量，其中一個正確答案是 3。,"""雨水讓路面滑溜不堪，林宇每一步都充滿危險.""恐懼驅使他向前狂奔，然而不斷的滑倒與摔跤，讓他的逃脫變得越來越艱難，心中更添絕望。"
35,1,Guide4,u035,1,2025/3/17  15:32:42 AM,TRUE,0,您的回答正確。,“小婷瞥見角落的消防梯，心中燃起一絲希望。她迅速走向那裡，打開窗戶，開始攀爬，冷風在她耳邊呼嘯，卻似乎在告訴她逃離的道路已經展開。”
36,1,Guide6,u030,1,2025/3/17  15:32:43 AM,TRUE,1,您的回答正確。,“小晴突然注意到一扇半開的咖啡館門，裡面透出溫暖的燈光和輕柔的音樂。她心中的恐懼稍稍平息，決定迅速逃入那個安全的避風港，希望能躲過身後的追逐者。”
37,1,Guide5,u038,3,2025/3/17  15:32:43 AM,TRUE,0,您的答案是正確的。,"""忽然，他聽見不遠處傳來了一陣狗吠聲，像是幫他驅散了恐懼的陰影，也讓追趕的身影稍稍停下。陳宇抓住這個機會，加速奔向出口，心中燃起一絲勇氣的火焰。"""
38,1,Guide2,u011,6,2025/3/17  15:32:50 AM,FALSE,1,您的回答是 6，但正確答案是 3。,“濕滑的地面讓她每一步都顯得艱難，偶爾的閃電照亮四周，令她心跳加速，害怕腳步聲越來越近，無法確定究竟該往哪個方向逃離。”
39,1,Guide0,U039,11,2025/3/17  15:32:51 AM,FALSE,0,正確答案是 13，下次請再接再厲！,"""黑暗笼罩，空氣中彌漫著濕氣與不安，四周的樹影模糊不清，讓林雨難以辨識方向，身後的腳步聲越來越近，恐懼如潮水般湧來，成為她逃離的最大阻礙。"""
40,1,Guide6,u038,1,2025/3/17  15:32:53 AM,TRUE,0,您的回答正確，與正確答案相符。,「忽然，他注意到旁邊的長椅下隱藏著一根粗大的棍子，心中生出一絲勇氣。他迅速拾起棍子，轉身面對追來的身影，準備迎接接下來的挑戰。」
41,1,Guide4,u013,6,2025/3/17  15:32:55 AM,FALSE,1,答案不正確，請檢查解題過程並再試一次。,"""巷弄狹窄，轉角處隱藏著更多追逐者的身影。"" 李明心中驚慌，知道自己的每一次選擇都可能將他推向更加危險的境地，漸漸覺得希望愈加渺茫。"
42,1,Guide0,u005,12,2025/3/17  15:32:56 AM,FALSE,0,你的回答是 12，但正確答案是 13。,“巷口的垃圾桶隨風晃動，發出陣陣聲響，讓李明一陣驚慌。此時，他已經無法再回頭，唯有繼續向前，心中卻懷著對未知的恐懼。”
43,1,Guide6,u008,1,2025/3/17  15:32:56 AM,TRUE,1,你的回答與正確答案相符。,"""在小巷轉角，他發現一扇半開的鐵門，透出微弱的光線。心中閃過一絲希望，他快速跑向那扇門，期待能躲進裡面，暫時擺脫黑暗的追擊者。"""
44,1,Guide5,u035,3,2025/3/17  15:32:57 AM,TRUE,0,你的回答是正確的。,“小婷努力攀爬，忽然發現樓上的燈光閃爍，似乎有其他人影在裡面活動。”她的心中又燃起了一絲希望，或許在黑暗中，她並不孤單。
45,1,Guide0,u034,11,2025/3/17  15:32:58 AM,FALSE,0,使用者的答案是 11，正確答案是 13，請再檢視過程。,"""濕滑的地面和無處不在的寂靜加重了林曉的焦慮，她的每一步都顯得艱難，思緒混亂中無法找到安全的出口。"""
46,1,Guide0,u031,12,2025/3/17  15:32:58 AM,FALSE,0,您的回答不正確，最多能到達 H 島的海狸數量是 13 隻。,"小林感到腿部的疲憊如同鉛般沉重，""不斷滑落的雨水讓地面變得滑膩，也令他無法全力奔跑。"" 他回頭一瞥，陰影依然緊迫，心中無奈又焦急。"
47,1,Guide2,u010,3,2025/3/17  15:33:02 AM,TRUE,0,你的回答是正確的。,"""一束微弱的燈光突然閃現，李明心中燃起了一絲希望。他迅速朝著那方向衝去，雖然結構複雜，但那燈光如同救贖，指引著他逃離這片絕望的陰霾。"""
48,1,Guide2,u011,3,2025/3/17  15:33:02 AM,TRUE,1,你的回答正確，恭喜！,"""突然，她看見前方的巷口閃爍著微弱的燈光，那是安全的象徵。她鼓起勇氣，跳過積水，努力加速奔向那道光亮，心中燃起一絲希望，逃離的可能就在眼前。"""
49,1,Guide7,u038,1,2025/3/17  15:33:07 AM,TRUE,0,您的回答是正確的。,"""就在此時，公園內響起了一聲狗吠，打破了漆黑的寂靜。那個身影似乎受到驚嚇，腳步暫時停滯，陳宇抓住這個機會，加速向出口衝去，心中燃起一絲希望。"""
50,1,Guide7,u030,1,2025/3/17  15:33:08 AM,TRUE,1,你的回答是正確的，第二回合後，F島上的海狸有1隻。,“小晴推開咖啡館的門，立刻感受到一股溫暖。她迅速躲到角落，心跳漸漸平穩，並盡量不被身後的追逐者發現。此刻，安全的避風港讓她重新獲得勇氣。”
51,1,Guide7,u008,1,2025/3/17  15:33:16 AM,TRUE,1,您的回答是正確的。,"""小明推開鐵門，裡面是一間陳舊的倉庫，兩側堆滿了箱子與雜物。他迅速躲進一個陰影處，心跳漸漸平息，隱約聽到追逐者的腳步聲逐漸遠去。"""
52,1,Guide3,u011,5,2025/3/17  15:33:16 AM,FALSE,2,您的回答是5，但正確答案是4。請再檢查您的解題過程。,"""就在她即將抵達燈光時，走廊的另一端出現了一道影子，迅速潛伏其後，讓她心中一緊，逃離的希望似乎再度變得渺茫。"""
53,1,Guide2,u012,3,2025/3/17  15:33:17 AM,TRUE,0,你的回答是正確的。,"""突然，一道月光穿透雲層，照亮了前方的道路，小玲瞬間看到了不遠處的空地，心中燃起一絲希望，她朝著那光亮奔去，心跳雖快卻不再恐懼。"""
54,1,Guide4,u013,1,2025/3/17  15:33:19 AM,TRUE,1,您的回答正確。,"""李明忽然看到前方有一扇未關的鐵 gate，他心中一亮，拼命衝向那道光亮，似乎能找到一絲逃生的機會。"""
55,1,Guide6,u035,1,2025/3/17  15:33:20 AM,TRUE,0,你的回答是正確的！,“小婷的手機震動了一下，來自好友的訊息冒了出來：‘我在附近，我來找你！’這讓她心中燃起了一絲勇氣，快速朝著那道微弱的燈光奔去，決心不再躲藏。”
56,1,Guide2,u003,2,2025/3/17  15:33:20 AM,FALSE,1,您的回答不正確。正確答案是 3，請檢查並嘗試再次回答。,"""街道旁潛藏的黑暗角落，隱藏著未知的危險，讓王明心中更加恐懼。隨著蒼白的月光逐漸被雲層吞噬，逃命的希望似乎也越來越渺茫。"""
57,1,Guide8,u030,2,2025/3/17  15:33:23 AM,TRUE,1,您的回答是正確的。,“小晴注意到咖啡館的廚房後門沒有關閉，她心中一蕩，決定趁機潛入。通過後門，她能迅速逃離，雖然心中依然懷著恐懼，但希望的火花在她心中再次閃爍。”
58,1,Guide0,u034,13,2025/3/17  15:33:28 AM,TRUE,0,你的回答是正確的，海狸在第五回合結束時最多可以有 13 隻到達 H 島。,李明猛然轉身進入一扇虛掩的門，那是一家關門已久的咖啡店。裡面光線昏暗，但他知道這裡可以暫時躲避追蹤者的視線。外面雨聲漸漸模糊，他的心跳也稍稍平息。
59,1,Guide8,u038,2,2025/3/17  15:33:28 AM,TRUE,0,您的回答正確。,夜幕中，陳宇突然感到一陣微風撲面而來，仿佛攜帶著某種神秘力量。他心中默念著“勇氣”，隨即感受到內心的平靜，加速奔向出口的步伐愈加堅定。
60,1,Guide2,u017,2,2025/3/17  15:33:29 AM,FALSE,1,你的回答是 2，但正確答案是 3。請再檢查一下解題過程。,"""路燈閃爍不定，視野不清。""李明不停地閃躲著周遭，卻因光線不足而看不清前方的路，周圍的黑暗更是令人感到絕望，心中的恐懼如潮水般湧來，讓他無法平靜地逃離。"
61,1,Guide8,u008,2,2025/3/17  15:33:31 AM,TRUE,1,您的回答是正確的，符合正確答案。,小明在倉庫中搜索，發現一扇半開的窗戶，“月光透進窗戶，照亮了逃生的路徑”。他小心翼翼地朝窗戶靠近，心中燃起一絲希望，準備爬出去尋找安全的地方。
62,1,Guide2,u007,6,2025/3/17  15:33:32 AM,FALSE,2,你的回答是6，不符合正確答案3。請重新考慮題目內容並檢查解題過程。,"""大雨中，視線模糊不清，路上的積水隱藏著不易察覺的坑洞。""林宇心中掀起恐慌，腳步越發慌亂，他知道每一次摔倒都可能讓追逐者更近一步。逃跑的路，變得愈加艱難。"
63,1,Guide3,u011,7,2025/3/17  15:33:34 AM,FALSE,3,使用者回應不正確，正確答案是 4。,"""突如其來的暴風雨使她的視線模糊不清，閃電劃破天際的瞬間，她感到一陣寒意襲來，瞬息萬變的環境更增添了逃逸的困難."""
64,1,Guide5,u013,3,2025/3/17  15:33:37 AM,TRUE,1,使用者的回答正確。,“李明在快要接近鐵 gate時，發現裡面幻影般的燈光閃爍，似乎有一個安全的藏身之處。他鼓起勇氣，毫不猶豫地衝了進去，心中燃起一絲希望。”
65,1,Guide2,u003,3,2025/3/17  15:33:39 AM,TRUE,1,您的回答正確。,"""就在王明準備放棄的瞬間，他的手機震動了一下，螢幕上閃爍著熟悉的聯絡人名字，讓他燃起一絲希望。他快步沖向街角的咖啡廳，心中暗自祈求能找到安全之地。"""
66,1,Guide9,u030,4,2025/3/17  15:33:40 AM,FALSE,2,回答錯誤，請再試一次。,“小晴不知道後面是否真的有追兵，心中的疑慮讓她無法安心，甚至懷疑自己是否在逃避，或只是更深的陷阱。”她壓抑著恐慌的心情，拿起一把刀，為自己警惕著。
67,1,Guide3,u012,5,2025/3/17  15:33:41 AM,FALSE,1,答案不正確，請再檢查您的解答過程。,"""然而，空地周圍的陰影似乎更加濃厚，那些模糊的身影在樹間徘迴，像是無形的陷阱，讓小玲的信心瞬間動搖。她的腳步雖急，但心中卻開始懷疑前方是否真有安全之處。"""
68,1,Guide3,u010,3,2025/3/17  15:33:43 AM,FALSE,1,答案有誤，請再試一次。,李明急奔的步伐因“突如其來的水坑”而踉蹌，他心中升起一股絕望，周圍陰影如同獅子般張牙舞爪，令他無法再安心向前。
69,1,Guide7,u035,2,2025/3/17  15:33:49 AM,FALSE,1,您的回答與正確答案不符。請再嘗試一次。,"""小巷的兩側滿是高聳的圍牆，讓小婷無法找到逃生的路。她回頭一瞥，發現那道燈光似乎正逐漸熄滅，心中恐懼重新升起，彷彿希望正在遠去。"""
70,1,Guide0,u005,13,2025/3/17  15:33:49 AM,TRUE,0,您的回答正確。,"""就在林浩即將絕望之際，他聽到前方傳來微弱的音樂聲，似乎是酒吧的熱鬧，他的心瞬間燃起一絲希望，雙腿不由自主加速向那燈火通明的地方衝去。"""
71,1,Guide9,u030,3,2025/3/17  15:33:56 AM,TRUE,2,你的回答是正確的。,“小晴瞬間想到，身邊的垃圾桶裡可能藏著一些可以擋住追兵的物品。”她迅速轉身，心中燃起一絲希望，搜尋可以攔阻敵人的道具，與此同時，她的手握緊了那把刀，準備迎接未知的挑戰。
72,1,Guide9,u038,4,2025/3/17  15:33:57 AM,FALSE,1,您的回答不正確。第二回合後，B島上的正確海狸數目為3。,夜幕低垂，陳宇的逃跑路徑被不斷閃爍的燈光遮蔽，“路面潮濕滑溜”讓他腳步踉蹌，心中驚慌失措，恐懼感愈發強烈，迫使他只能拼命向前衝去。
73,1,Guide2,u032,3,2025/3/17  15:33:57 AM,TRUE,2,您的答案正確，從A到H島的確可以在三回合內完成。,"""在轉角處，李明突然瞥見一扇敞開的門，心中一凜，毫不猶豫地衝了進去，躲避在漆黑的室內，屏住呼吸，等待追逐者的腳步遠去。希望在此刻再次燃起。"""
74,1,Guide9,u008,4,2025/3/17  15:33:58 AM,FALSE,2,正確答案是 3，但使用者回答為 4。,"""小巷的出口被幾個不明影子遮擋，他無法判斷是否安全。""小明的心中湧起一陣恐懼，四周的黑暗彷彿在吞噬他，無法逃避的陰影讓他的每一步都變得無比艱難。"
75,1,Guide3,u012,4,2025/3/17  15:34:01 AM,TRUE,1,正確答案！,"""就在小玲心生絕望之際，她瞥見前方隱約閃爍的光芒，那是山崖旁的一絲希望。她心中的恐懼把她推向那道光，彷彿是生還的指引。"""
76,1,Guide3,u003,4,2025/3/17  15:34:02 AM,TRUE,1,您的回答正確！,"""突然，一陣刺耳的警報聲響起，吸引了追趕者的注意。王明趁機加速，衝進咖啡廳，心中一陣狂喜，似乎找到了一絲庇護。這裡的燈光溫暖，讓他感到一絲安慰。"""
77,1,Guide2,u017,3,2025/3/17  15:34:02 AM,TRUE,1,您的回答是正確的。,"""忽然，一道橘色的強光從前方閃現，李明心中一亮，明白那是車輛的燈光。他立即朝著光源衝去，心中燃起一絲希望，想著也許能找到庇護。"""
78,1,Guide2,U039,3,2025/3/17  15:34:02 AM,TRUE,0,正確答案。在三回合內，有 3 種路徑可以從 A 到 H 島。,"""林雨突然注意到前方隱約透出的微光，心中一亮，迅速朝那方向奔去。光源的存在仿佛為她注入了一股勇氣，鼓舞著她在絕望中尋找生機，希望就在不遠處。"""
79,1,Guide6,u013,1,2025/3/17  15:34:05 AM,TRUE,1,您的回答是正確的。,"李明躲進鐵 gate後，發現裡面隱藏著一條狹窄的通道，他心中一陣欣喜，""或許這是逃離的希望！""他迅速穿過通道，努力抑制心中的恐懼，期待能夠擺脫追逐者的陰影。"
80,1,Guide2,u007,3,2025/3/17  15:34:06 AM,TRUE,2,你的回答正確，解題過程也符合預期。,"""突然，前方出現了一道明亮的光，林宇心中一動，知道那是一家24小時營業的便利店。他急忙轉向，心中暗忖：只要進去，就能暫時躲避追逐者的視線。"""
81,1,Guide3,u032,4,2025/3/17  15:34:11 AM,TRUE,2,您的回答正確，B島在第一回合後有4隻海狸。,李明屏氣凝神，突然聽到後方響起的報警聲。追逐者因恐慌而停下腳步，他抓住機會，迅速向屋內的樓梯跑去，決心不再依賴運氣，而是用智慧逃出生天。
82,1,Guide9,u038,7,2025/3/17  15:34:12 AM,FALSE,2,您的回答與正確答案不符。請再檢查並嘗試找出正確的答案。,“前方的街道因施工封閉，讓陳宇的逃跑路徑瞬間被阻擋。”在不斷緊逼的身影下，他絕望地四處張望，心中充滿惶恐，隨著恐懼的加劇，他的逃生希望似乎也在逐漸消逝。
83,1,Guide0,u037,12,2025/3/17  15:34:13 AM,FALSE,0,使用者回應與正確答案不匹配。正確答案是 13。,"""小巷中狹窄且彎曲，逃跑路線受限，光線微弱難辨方向。"" 在黑暗中，她不斷回首，心中焦慮更甚，耳邊傳來低沈的足音，彷彿死亡就在身後緊追不捨。"
84,1,Guide4,u003,1,2025/3/17  15:34:13 AM,TRUE,1,您的答案正確。,"""咖啡廳內的客人驚訝地望向王明，幾個男人立刻站起來，攔住了背後的追趕者。""王明的心中一陣欣慰，感受到了一絲勇氣，他知道自己不是孤單一人。"
85,1,Guide10,u030,0,2025/3/17  15:34:14 AM,FALSE,3,正確答案是 5，請檢查您的計算過程。,"""街道狹窄，四周黑暗，無法分辨前方的危險。"" 小晴在廢棄的巷弄中，恐懼感再度升起，心中明白，逃跑的空間越來越小，四周的廢棄物和黑暗正佈下無形的陷阱。"
86,1,Guide4,u012,1,2025/3/17  15:34:14 AM,TRUE,1,回答正確，C島上有1隻海狸。,"""小玲鼓起勇氣，深吸一口氣，奔向那道光芒。她發現那是一個小木屋，門微微掩著，裡面透出溫暖的燈光與安全的氣息。"""
87,1,Guide4,u011,1,2025/3/17  15:34:14 AM,TRUE,3,您的回答是正確的。,"""她注意到前方有一扇亮著燈的窗戶，似乎是唯一的避難所。""心中燃起一絲希望，她加快腳步，藉著微弱的光輝，鼓起勇氣邁向那片安全的天地。"
88,1,Guide3,u010,4,2025/3/17  15:34:15 AM,TRUE,1,你的回答是正確的。,"李明的眼前突然閃過一道微弱的燈光，""是一家開著門的小咖啡館""。那光芒如同希望的曙光，驅散了他內心的陰霾。他毫不猶豫地朝那方向奔去，試圖尋求片刻的庇護。"
89,1,Guide3,U039,4,2025/3/17  15:34:20 AM,TRUE,0,您的回答正確，B島在第一回合後有4隻海狸。,"""就在此時，林雨聽見了潺潺的水流聲，心中一喜，認為河流可以引導她逃出這片森林。她屏息，迅速朝那方向奔去，努力將恐懼拋諸腦後。"""
90,1,Guide7,u035,1,2025/3/17  15:34:20 AM,TRUE,1,您的回答是正確的。,"小婷突然注意到轉角處閃爍的光點，心中一亮，""沿著光亮的方向跑，或許能找到安全的地方。""她鼓起勇氣，目光堅定，步伐迅速朝那方向疾馳。"
91,1,Guide7,u013,2,2025/3/17  15:34:21 AM,FALSE,2,你的回答是2，但正確答案是1。請再檢查並計算。考慮海狸的初始數量及每回合的變化。,"李明在通道中狂奔，卻不料""通道的盡頭是一道封閉的牆，無法再向前進""，絕望瞬間湧上心頭，追逐者的腳步聲愈發逼近，讓他感到生存的希望愈發渺小。"
92,1,Guide4,u032,1,2025/3/17  15:34:23 AM,TRUE,2,使用者的回答與正確答案一致。,“李明迅速躲進一扇破舊的門後，心中暗想：如果能找到一個出口或盲點，就能扭轉局勢。”他搜尋著周圍，眼中閃過一絲希望，突然，他看到一道微弱的光線透出。
93,1,Guide5,u012,3,2025/3/17  15:34:30 AM,TRUE,1,您的回答正確。,"""就在小玲即將踏入木屋的一瞬間，她注意到四周的樹木似乎開始晃動，隱隱傳來低語聲，讓她意識到這裡或許並不安全。"" 她停住腳步，心中掙扎，決定尋找更好的逃生路徑。"
94,1,Guide9,u008,6,2025/3/17  15:34:30 AM,FALSE,3,答案不正確，B島上的海狸數目為3。,"""小巷的牆壁高聳，無法攀爬逃脫，狹窄的通道更讓他無法全方位觀察四周。""小明感到窒息，被迫在這片幽暗的空間中等待。每一聲腳步聲都在加深他的恐懼，彷彿那影子就在附近。"
95,1,Guide4,u010,1,2025/3/17  15:34:31 AM,TRUE,1,你的回答正確。,"李明衝進咖啡館，裡面溫暖的燈光與香濃的咖啡味讓他稍感安心，""咖啡館的後門或許能逃出這個城市""，他心中燃起一絲希望，迅速朝後門奔去，準備尋找生路。"
96,1,Guide5,u003,3,2025/3/17  15:34:31 AM,TRUE,1,你的回應正確。,"""他看到街角的巷子，心中一亮，迅速轉身，向那裡奔去。隱蔽的路徑讓他感到一絲希望，身後的腳步聲逐漸遠去，他的心跳隨之平穩了些。"""
97,1,Guide5,u011,3,2025/3/17  15:34:34 AM,TRUE,3,您的回答正確。,"""窗戶下的陰影微微晃動，透出一束溫暖的光芒。""她鼓起勇氣，心中默念，希望能逃進那片安全的天地，甩掉追逐的陰影，重新找到自我的力量。"
98,1,Guide5,u032,3,2025/3/17  15:34:34 AM,TRUE,2,你的答案是正確的。,李明心中一亮，他發現那道微弱的光線來自一扇半掩的窗戶，於是迅速趕向那裡，心裡默念著“總算有一絲希望！”他試著推開窗戶，希望能借此逃出生天。
99,1,Guide3,u017,4,2025/3/17  15:34:35 AM,TRUE,1,答案正確。,"李明在奔跑中注意到路旁的一扇小咖啡館的門半掩著，""咖啡館的光亮與溫暖或許能讓他暫時逃離追逐的黑影。""他迅速轉向，心中懷著最後的希望。"
100,1,Guide4,U039,1,2025/3/17  15:34:36 AM,TRUE,0,使用者回答正確。,"""突然，月光穿透雲層，照亮了一小片空地，林雨得以暸望周圍的環境。她發現一條小徑蜿蜒而去，心中瞬間燃起希望，奮力朝著小徑奔去。即使恐懼仍在，心中卻暗自鼓舞。"""
101,1,Guide3,u007,4,2025/3/17  15:34:36 AM,TRUE,2,您的回答是正確的！,"""便利店的門口有一個閃爍的霓虹招牌，吸引著林宇的目光。他迅速衝進店內，隨著門鈴的響聲，心中的緊張壓力稍微舒緩，開始尋找可以藏身的角落。"""
102,1,Guide8,u035,2,2025/3/17  15:34:39 AM,TRUE,1,您的回答正確。,"小婷越跑越接近那閃爍的光點，突然她聽到熟悉的聲音：“小婷！在這裡！”原來是她的朋友阿明在等她。心中的恐懼瞬間減輕，""有朋友在身邊，安全感伴隨而來。"""
103,1,Guide0,u031,15,2025/3/17  15:34:40 AM,FALSE,0,你的回答是 15，正確答案是 13。需要檢查圖片中的信息和進行計算，確保每回合的海狸移動安排能讓最多數量的海狸到達H島。,"""街道上潮濕的積水和起伏不平的鋪石路讓小敏的逃跑變得更加艱難，腳步滑倒的瞬間，她幾乎感受到死亡的迫近，恐懼將她的每一步都變得沉重無比。"""
104,1,Guide9,u038,3,2025/3/17  15:34:41 AM,TRUE,2,使用者的回答正確。,"""一抹微弱的燈光從附近的咖啡館透出，讓陳宇心中燃起一絲希望。""他毅然轉身，朝著那個方向奔去，希望在那裡找到安全的庇護。"
105,1,Guide5,u010,3,2025/3/17  15:34:46 AM,TRUE,1,您的回答是正確的！,"李明推開咖啡館的後門，""夜色中的小巷是他的臨時藏身之處，潛伏在陰影中等待追兵經過。此刻，冷風拂面，讓他清醒，心中再次燃起逃離的希望。"""
106,1,Guide7,u013,3,2025/3/17  15:34:48 AM,FALSE,3,您的答案是 3，但正確答案是 1。,"""巷弄的轉弯處英勇卻狹窄，李明無法找到躲藏的空間，隱約聽見追逐者低沉的笑聲，令他感受到無法逃脫的絕望。"""
107,1,Guide6,u003,1,2025/3/17  15:34:50 AM,TRUE,1,你的回答是正確的！,"""突然，王明聽見不遠處傳來一聲狗吠，隨即一盞明亮的街燈亮起，心中的恐懼稍稍減弱。他知道，只要能到那裡，就能暫時得到安全。"""
108,1,Guide4,u007,1,2025/3/17  15:34:52 AM,TRUE,2,您回答正確。,"""就在林宇窮於逃命的瞬間，他注意到便利店的後門微微敞開，透著一絲光亮。他心中燃起一線希望，迅速朝後門衝去，希望在黑影逼近之前找到逃生的路徑。"""
109,1,Guide5,U039,3,2025/3/17  15:34:53 AM,TRUE,0,你的回答正確，D島上確實有3隻海狸。,"""就在林雨快要放棄的時候，一隻小狐狸突然出現在小徑旁，那明亮的眼神似乎在告訴她前方有安全的地方。她迅速跟隨著小狐狸的腳步，心中燃起新的希望。"""
110,1,Guide11,u030,0,2025/3/17  15:34:55 AM,FALSE,4,你的回答不正確。第二回合後，D島上應有3隻海狸。,"""巷弄深處的亂石和垃圾堆成了障礙，讓小晴的腳步變得更加沉重。""她在惶恐中奔跑，無法避免地踩到了尖利的碎片，痛楚瞬間撲面而來，心中的恐懼再度加深。"
111,1,Guide0,u036,7,2025/3/17  15:34:55 AM,FALSE,0,你的回答與正確答案不符，請再嘗試看看。,"""黑暗中的迷宮般工廠使小明無法找到清晰的路徑，通道狹窄且曲折，令他更加迷惑與恐懼。人工機械的低吼聲就像陰影中潛伏的惡魔，讓他無法安然逃脫。"""
112,1,Guide6,u011,1,2025/3/17  15:35:02 AM,TRUE,3,你的答案是正確的！,"""一陣突如其來的雷聲劃破寂靜，雨勢稍微減弱，她瞥見前方閃爍的咖啡館燈牌，心中驚喜。即便路途艱難，安全的避風港就在眼前，她全力向光明衝去。"""
113,1,Guide10,u038,0,2025/3/17  15:35:02 AM,FALSE,3,回答不正確。請重新檢查題目並計算C島上的海狸數量。,"""夜間的人煙稀少，咖啡館的燈光雖明亮，卻仿若一座孤島。"" 陳宇心中陷入掙扎，四周的寂靜讓他感到更加孤立無援，腳步無法加快，恐懼如影隨形。"
114,1,Guide5,u007,3,2025/3/17  15:35:08 AM,TRUE,2,你的回答是正確的！,"""就在林宇推開後門的瞬間，裡面傳出了一陣熟悉的音樂聲，他的朋友小凱正坐在裡面喝酒，看到林宇慌張的樣子，立刻起身拉他進去。黑影無法追上來，林宇終於暫時得救了。"""
115,1,Guide10,u008,3,2025/3/17  15:35:09 AM,FALSE,4,您的回答不正確，第二回合後 C 島上應有 5 隻海狸。,"""小巷的出口被封鎖，四周沒有其他出路，令小明感到驚慌失措。""他耳邊的腳步聲越來越近，心中絕望加深，無法再忍受這份壓迫感，唯有在黑暗中尋找一絲生機。"
116,1,Guide6,u012,1,2025/3/17  15:35:10 AM,TRUE,1,你的回答正確！,小玲心中一陣清晰的想法閃現：“或許那條小溪可以幫助我脫困。”她立刻轉身，避開木屋的方向，朝著微弱的流水聲奔去，希望能在溪水的掩護下逃脫追逐者的緊追。
117,1,Guide7,u003,1,2025/3/17  15:35:10 AM,TRUE,1,回答正確。,"""就在這時，街道的另一端出現了一個身影，正是他的好友李強，手中亮著手電筒，朝他揮手。這一瞬間，王明的心中燃起了一絲希望，腳步也隨之加快，向著光明的方向衝去。"""
118,1,Guide9,u035,4,2025/3/17  15:35:11 AM,FALSE,2,您的回答為 4，但正確答案是 3。,小婷剛鬆了一口氣，但一陣刺耳的尖叫突然響起，打破了寧靜。“突然的變故讓她心中再度升起不安，周圍的黑暗彷彿更加逼近。”她與阿明對視，卻發覺光點似乎也在逐漸黯淡。
119,1,Guide6,u010,1,2025/3/17  15:35:12 AM,TRUE,1,你的回答正確！,"""就在李明的心中燃起希望時，他注意到一處寬敞的巷子，明亮的招牌光線從裡面透出。這是他可能的逃脫之路，他不顧一切，飛速衝進那道光明裡。"""
120,1,Guide11,u030,1,2025/3/17  15:35:14 AM,FALSE,5,您的回答為 1 ，正確答案應該是 3。,"""突如其來的雨水使得巷弄變得更加滑溜，讓小晴的腳步變得艱難。"" 她不得不小心翼翼地奔跑，心中的恐懼與焦慮交織，卻又不得不加快速度，生怕黑影會在這惡劣的天氣中更近一步。"
121,1,Guide6,U039,1,2025/3/17  15:35:16 AM,TRUE,0,你的回答正確，E島的海狸有 1 隻。,"""小狐狸帶著林雨穿過繁茂的樹叢，沿途的月光透過樹隙灑落，指引著她前行。耳邊的聲音漸漸淡去，林雨的心逐漸平靜，生的希望在心中茁壯。"""
122,1,Guide10,u008,2,2025/3/17  15:35:21 AM,FALSE,5,你的回答不正確，請再檢查題目詳情。,"""小巷的牆壁斑駁而高，無法攀爬逃脫，濕滑的地面讓他行動遲緩。""小明的心跳越來越急，加上周圍的陰影與嗓音，他感到一股無法言喻的絕望，如同夜色般無法逃離。"
123,1,Guide8,u013,2,2025/3/17  15:35:22 AM,TRUE,3,您的回答與正確答案相符。,“突然，他注意到前方有個小店的門開著。”李明心中一喜，迅速改變方向，沖進店內，躲避了追逐者的視線。他屏息凝神，盡量不發出聲音，靜靜等待他們的腳步遠去。
124,1,Guide0,u031,14,2025/3/17  15:35:24 AM,FALSE,0,您回答的數字是 14，與正確答案 13 不符。請再檢查題目中海狸數量與通過原木的限制。,"""城市的街道空蕩蕩，少有行人，街角的陰影似乎隱藏著更多危險。""李明感到無助，周圍的寂靜只是加深了他心中的恐慌，無法尋求庇護的他只能向前狂奔。"
125,1,Guide11,u038,1,2025/3/17  15:35:25 AM,FALSE,4,正確答案是 3，請再確認您的回應。,"""公園的燈光微弱，黑暗隱藏著未知的威脅，讓陳宇的逃亡之路更加艱難。"" 隨著身後的腳步聲愈發迫近，佈滿陰影的環境加深了他的恐懼，心中彷彿被更大的黑暗吞噬。"
126,1,Guide6,u007,1,2025/3/17  15:35:26 AM,TRUE,2,您的回答正確！答案與正確答案一致。,"""小凱迅速關上門，將林宇拉入一旁的陰影中，並低聲告訴他保持安靜。隨著黑影在外踱步，他們屏息凝神，等待危機過去，心中默默祈禱。"""
127,1,Guide7,u012,2,2025/3/17  15:35:26 AM,FALSE,2,答案不正確，請再檢查您的解題過程。,"""溪水的流動聲被樹林中的風聲淹沒，加上黑夜的視線阻礙，小玲無法確定自己是否朝著正確的方向前進。""她心中一陣焦急，越跑越覺得四周變得愈加陌生。"
128,1,Guide8,u003,2,2025/3/17  15:35:27 AM,TRUE,1,回答正確。,"""李強大聲呼喊，告訴王明前方有安全的避難所，他的語氣堅定而有力，讓王明的恐懼稍稍減退。隨著對方的呼喊，王明心中的不安逐漸消散，他決定全速奔向那道光亮。"""
129,1,Guide4,u017,1,2025/3/17  15:35:29 AM,TRUE,1,您的回答正確。,"李明推開咖啡館的門，一股濃郁的咖啡香氣撲面而來，裡面的燈光如星辰般閃爍。他喘著氣，努力掩藏自己的恐懼，""或許這裡能讓他暫時躲避那隱約逼近的黑影。"""
130,1,Guide10,u008,1,2025/3/17  15:35:30 AM,FALSE,6,您的回答不正確。請再試一次或檢查問題描述和正確答案。,"""小巷的盡頭是一扇鐵門，死死關閉，讓小明無法逃脫。他再度回過頭，耳邊的腳步聲愈加清晰，心中的恐慌如潮水般湧來，讓他無路可退。"""
131,1,Guide7,u010,1,2025/3/17  15:35:33 AM,TRUE,1,你的回答與正確答案相符。,“巷子裡的熱鬧聲和笑聲讓李明感到一絲安心，他心中燃起希望，快速朝著那道光明跑去。頭頂的霧氣似乎驟然散去，腳步聲也逐漸遠去。”
132,1,Guide7,U039,2,2025/3/17  15:35:35 AM,FALSE,1,使用者的回答與正確答案不符。請檢查解題過程，並確認回答的正確性。,"""樹根錯綜複雜，讓她每一步都顯得艱難。隱藏在陰影中的掠食者，隨時可能出現，讓林雨無法安心逃離，她的心中充滿著不安。"""
133,1,Guide9,u035,0,2025/3/17  15:35:38 AM,FALSE,3,使用者的回答'0'與正確答案不匹配。,"""巷口的狗吠聲突然停止，取而代之的是沉重的呼吸聲，仿佛有什麼東西隱藏在黑暗中，靜靜地觀望著她。小婷的心跳加速，感到了一種未知的威脅呈現在眼前。"""
134,1,Guide11,u030,3,2025/3/17  15:35:39 AM,TRUE,5,您的回答正確。,"""小晴注意到前方有一扇半開的門，心中燃起一絲希望。"" 她迅速調整方向，全力奔向那道光亮，或許能在那裡找到暫時的庇護，消失在黑暗中追逐她的陰影。"
135,1,Guide7,u007,1,2025/3/17  15:35:42 AM,TRUE,2,你的回答正確。,"""就在此時，路過的警察注意到異樣，快速朝他們的方向走來，手中握著手電筒，光芒刺破了黑暗。林宇和小凱感受到一絲希望，悄悄按下了躲藏處的邊緣，心中的恐懼稍稍減退。"""
136,1,Guide0,u027,13,2025/3/17  15:35:45 AM,TRUE,0,你的答案是正確的！,"""方晴聽見前方傳來微弱的聲音，似乎是有人在呼喊她的名字。她心中燃起一絲希望，迅速奔向那道光亮，想要逃離那追逐的陰影。"""
137,1,Guide7,U039,1,2025/3/17  15:35:45 AM,TRUE,1,使用者的回答與正確答案一致。,"""突然，林雨的手機亮了起來，微弱的光芒照亮了前方的道路，她心中燃起一絲希望。""她鼓起勇氣，朝著光亮的方向快速移動，感覺到逃離的機會逐漸靠近。"
138,1,Guide2,u037,3,2025/3/17  15:35:45 AM,TRUE,0,你的回答是正確的。,"""遠處傳來的救援聲音如同微光劃破黑暗""，年輕女子心中一亮，隨著那聲音的指引，心中的恐懼稍稍減弱。她加快腳步，轉過一個角落，希望能尋找到逃生的出路。"
139,1,Guide6,u032,1,2025/3/17  15:35:45 AM,TRUE,2,您的回答正確。,"""就在李明推開窗戶的瞬間，他聽見追逐者的腳步聲戛然而止。他心中一喜，迅速爬進窗戶，內裡竟是個空置的倉庫，四周可以藏身，總算趁機喘口氣，暫時逃離了追捕。"""
140,1,Guide5,u017,3,2025/3/17  15:35:46 AM,TRUE,1,您的回答是正確的。,"李明在咖啡館的角落透過窗戶看到外面黑影停下，他心中一亮，""或許等他們離開後，我就能安全逃出。""於是，他深吸一口氣，靜靜地等待著。"
141,1,Guide9,u013,4,2025/3/17  15:35:46 AM,FALSE,4,您的回答不正確。請重新檢查題目中的資訊和解題過程。,李明悄悄坐在小店的角落，卻“聽見店外的雨聲漸漸變得沉重，一道閃電劃過天際，緊接著雷聲轟隆，似乎更是將追逐者的注意力吸引了過來。”他的心再次提了起來，危機感油然而生。
142,1,Guide9,u003,3,2025/3/17  15:35:47 AM,TRUE,1,使用者的回答與正確答案相符。,"""王明看到前方閃爍的燭光，那是李強所指的避難所。他心中突然湧現出希望，重新燃起勇氣，腳步加快，像箭一般衝向那道光，仿佛黑暗中的救贖。指引他逃離恐懼的光芒，讓他重獲自由。"""
143,1,Guide7,u011,3,2025/3/17  15:35:48 AM,FALSE,4,你的回答為 '3'，與正確答案不符，請再檢查次數的變化。,"""突然的電閃讓她失去方向感，眼前的一切模糊不清。她心中一緊，知道如果再不加快速度，追逐者也許會在下個轉角等著她。"""
144,1,Guide0,u028,13,2025/3/17  15:35:55 AM,TRUE,0,用戶的回答正確。,"""忽然，巷子轉角處閃過一束明亮光線，讓楊子瞬間有了方向。他利用這道光，快速朝著出口衝去，心中燃起一絲希望，恐懼稍稍減輕。"""
145,1,Guide8,u007,2,2025/3/17  15:35:56 AM,TRUE,2,您的回答正確。,“警察的到來讓追逐者愣住了，一瞬間的猶豫讓林宇有了逃脫的機會。趁著這一刻，他迅速帶著小凱躲入攤販後的小巷，心中的緊張稍稍平息。”
146,1,Guide8,u010,2,2025/3/17  15:35:56 AM,TRUE,1,你的回答正確。,"""一束強烈的燈光忽然照亮了前方，驅散了濃霧，李明看見一扇開著的門。他心中一喜，奮力向那道光衝去，希望就在眼前，腳步聲似乎隨之消散。"""
147,1,Guide8,U039,2,2025/3/17  15:35:58 AM,TRUE,1,使用者的回答正確。,"""就在此時，林雨聽見了遠處傳來的水聲，彷彿有一條小溪流淌，這讓她感到了一絲安心。她迅速朝著那個方向奔去，希望能找到逃脫的出口。"""
148,1,Guide7,u032,1,2025/3/17  15:35:59 AM,FALSE,3,使用者的回答並未完全符合要求的答案。,"""倉庫裡的陰暗角落堆滿了破舊的箱子，卻也充滿了雜物的氣味，稍有動靜便會引起注意。""李明緊握著胸口，心中不安，生怕追逐者會追進來，逃亡的壓力再次侵襲。"
149,1,Guide11,u038,5,2025/3/17  15:36:01 AM,FALSE,5,您的回答不正確。請檢查並調整您的解答。,“路面濕滑使他步伐不穩，恍惚中，他感受到了更強烈的迫在眉睫的危機。”陳宇心中慌亂，更因不穩的腳步而無法加速，心跳聲在耳邊如重雷般震耳欲聾。
150,1,Guide7,u011,2,2025/3/17  15:36:02 AM,FALSE,5,你的回答不正確，請確認海狸數量後再試一次。,"""濕滑的地面令她每一步都變得更加困難，甚至有可能讓她摔倒。耳邊的腳步聲愈加清晰，讓她更加慌亂無措，似乎隨時可能被抓住。"""
151,1,Guide0,u036,5,2025/3/17  15:36:04 AM,FALSE,0,你的回答是 5，正確答案是 13。請檢查你的解題過程。,"""濕滑的地面讓每一步都變得更加艱難，張宇的腳步失去了穩定。心中恐懼加劇，他知道自己必須加快速度，但卻因為滑倒而無法如願逃離。"""
152,1,Guide7,u012,5,2025/3/17  15:36:05 AM,FALSE,3,使用者回應不符合正確答案。,"""茂密的樹林使小玲失去了方向感，四周的陰影更添她的恐懼。""在這幽暗的晚間，迷失的感覺讓她手足無措，每一個回頭都仿佛看見那身影愈加逼近，讓她心中恐懼不斷增長。"
153,1,Guide12,u030,3,2025/3/17  15:36:09 AM,TRUE,5,您的回答正確！,"小晴在奔向半開的門時，""意外發現一把生鏽的鐵鎚掉落在地""，她緊握武器，心中多了一絲勇氣，感覺不再只是被追逐的獵物，而是可以反擊的勇者。"
154,1,Guide10,u035,5,2025/3/17  15:36:10 AM,TRUE,3,您的回答是正確的！,小婷深吸一口氣，忽然想到口袋裡還有一串小鈴鐺。她快速掏出鈴鐺，向後拋去，發出清脆的聲音。那聲音似乎驚擾了隱藏的威脅，讓她找到了一絲逃跑的機會。
155,1,Guide0,u031,13,2025/3/17  15:36:10 AM,TRUE,0,你的回答正確，解釋過程符合題意。,小李心中瞬間閃過一絲靈感，他急忙轉進一家小巷，旁邊有家開著燈的咖啡館。他知道，只要進去，就能暫時躲避那令人不安的追趕，心中的恐懼似乎也稍微減輕了一些。
156,1,Guide3,u037,4,2025/3/17  15:36:11 AM,TRUE,0,你的回答是正確的！,"""一扇橫在巷口的輕金屬門微微鬆動，透出一絲微弱的光線。""年輕女子心湖一凜，抓住機會，快速推門而入，消失在黑暗中，心中渴望著生的可能。"
157,1,Guide10,u003,0,2025/3/17  15:36:12 AM,FALSE,2,你的回答不正確，請再試一次。,「街道上突如其來的暴風雨讓王明驚慌失措，雨水如刀般劃過他的皮膚，視線因水霧而模糊，燭光彷彿也在雨幕中閃爍不定，令他不得不暫時停下腳步。」
158,1,Guide0,u004,8,2025/3/17  15:36:13 AM,FALSE,0,您的回答 '8' 不正確。正確答案是 '13'。請再仔細檢查題目並重試。,"""小巷狹窄，出入口隱蔽，難以逃脫。"" 李明轉進小巷，四周高牆環繞，心中愈發焦急，知道自己無法輕易逃出，惶恐的思緒如潮水般湧來，他拼命尋找出路，但希望漸漸渺茫。"
159,1,Guide6,u017,1,2025/3/17  15:36:13 AM,TRUE,1,您的回答是正確的。與正確答案意思相符。,"""突然，路邊一輛出租車停下，車門大開，司機對李明揮手示意。""李明心中一陣激動，沒有多想，快速奔向車子，希望能在黑影逼近之際找到生的機會。"
160,1,Guide9,u013,0,2025/3/17  15:36:17 AM,FALSE,5,您的回答不正確，請再試一次。,李明急促奔跑，卻“發現街道兩旁的淺水坑不斷積水，讓他每次起步都陷入泥濘，身體更加沉重，腳步變得 sluggish。”他內心焦急，害怕被追逐者逮住。
161,1,Guide0,u018,15,2025/3/17  15:36:19 AM,FALSE,0,你的回答是 15，正確答案為 13。請檢查海狸的移動'和島上的限制條件。,“倉庫內雜物堆積，隱藏著潛在的障礙。”李明慌忙奔跑，眼前卻突然出現一堆貨箱，讓他不得不放慢速度，焦急地尋找繞過的路徑，背後的腳步聲則越來越近，令他感到更加不安。
162,1,Guide8,u012,2,2025/3/17  15:36:20 AM,TRUE,3,您提供的答案是正確的。,"""突然，她注意到一條小溪的聲音，水流的方向似乎能帶她走出這片黑暗。小玲心中一亮，腳步不再猶豫，朝著水聲方向奔去，焦急的心跳也隨之平靜下來。"""
163,1,Guide9,U039,3,2025/3/17  15:36:20 AM,TRUE,1,您的回答正確。,"""當林雨接近那流淌的水聲時，發現溪邊有一根粗壯的樹枝。她心中燃起一絲希望，迅速撿起樹枝，作為自衛的武器，心中的恐懼稍稍減退，勇氣重新湧現。"""
164,1,Guide11,u008,3,2025/3/17  15:36:23 AM,TRUE,6,您的回答是正確的！,"""就在此時，小巷的另一端傳來微弱的車輛引擎聲，似乎是救援的希望。小明鼓起勇氣，向聲音的方向奔去，心中燃起一絲生的希望。"""
165,1,Guide0,u009,10,2025/3/17  15:36:26 AM,FALSE,0,你的回答是 10，正確答案是 13，請檢查你的計算過程。,"""四周密布的霧氣讓視線模糊，無法辨識方向，增加了李明的絕望與恐懼。他的逃亡之路如迷宮般扭曲，讓他無法找到安全的出口，心中的不安持續擴大。"""
166,1,Guide11,u038,3,2025/3/17  15:36:27 AM,TRUE,5,您的回答是正確的。,"""突然，一道微弱的燈光閃現，照亮了前方的路徑。""陳宇心中燃起一絲希望，他朝著那道光衝去，雙腿的疲憊似乎倏然消失，只有逃生的念頭在驅動著他向前奔去。"
167,1,Guide4,u037,1,2025/3/17  15:36:28 AM,TRUE,0,您的回答是正確的。,"""門內傳來輕柔的音樂，仿佛是一種安慰的力量。""年輕女子在黑暗中停下腳步，深吸一口氣，心中燃起一絲希望，艱難地朝音樂的方向邁去，期盼能找到一條逃生之路。"
168,1,Guide13,u030,5,2025/3/17  15:36:30 AM,FALSE,6,您的回應不正確。正確答案是8。,小晴猛然感覺到“巷弄過於狹窄，逃跑空間有限”，每當她轉身，眼前的黑影卻更近一步，使她的心中再次湧起無法言喻的恐懼。反擊的勇氣在瞬間被不安的絕望吞噬。
169,1,Guide8,u032,2,2025/3/17  15:36:30 AM,TRUE,3,你的回答是正確的。,"""李明在巷口發現一扇緊閉的小門，心中一亮，迅速推開門口，裡面是一片黑暗，但隱約能聽見水流的聲音。他毫不猶豫地躍進小門，心中燃起一絲希望。"""
170,1,Guide9,u013,2,2025/3/17  15:36:32 AM,FALSE,6,回答不正確，正確答案是 3。,“空氣中瀰漫著一股令人窒息的霧氣，李明的視線變得模糊，步伐更加不穩。他無法判斷前方的路況，只得依賴本能逃命，心中的絕望更加深沉。”
171,1,Guide9,u010,7,2025/3/17  15:36:35 AM,FALSE,2,您回答的數字 7 與正確答案不符。,"""路旁的積水映照出不斷變幻的光影，仿佛在挑釁他的恐懼。李明心中翻湧著不安，感覺那低沉的呼喊又再次逼近，讓他明白逃離的路途依然充滿危險。"""
172,1,Guide9,u007,4,2025/3/17  15:36:38 AM,FALSE,3,你的回答與正確答案不符。,“巷子狹窄，光線昏暗。”林宇和小凱逼進狹小的小巷，心中驚慌再起，黑影仍未停止追蹤。狹窄的空間讓他們無法隨意躲避，前方似乎也有未知的危險潛伏著。
173,1,Guide5,u037,3,2025/3/17  15:36:42 AM,TRUE,0,您的回答是正確的！,"""忽然，她注意到巷子一側的門微微敞開，溫暖的光線從裡面泄出，音樂愈加清晰。她抓住這個機會，毫不猶豫地衝向那扇門，希望能找到安全和庇護。"""
174,1,Guide10,u013,3,2025/3/17  15:36:46 AM,FALSE,7,你的回答不正確。正確的答案是 5。,“繁忙的街道擠滿了 unfamiliar faces以及擁堵的交通，他無法輕易尋找到藏身之處。”李明焦急地尋找突破口，心中明白，若無法即刻躲避，將陷入更大的危險之中。
175,1,Guide11,u035,3,2025/3/17  15:36:46 AM,TRUE,3,您的回答是正確的。,"""小婷聽見鈴聲之後，心中燃起一絲希望，迅速轉身朝小巷的另一端奔去，雙腿如離弦之箭，全速逃離。她的耳邊悄然無聲，只有自己的心跳與急促的腳步聲在空氣中迴盪。"""
176,1,Guide0,u036,13,2025/3/17  15:36:47 AM,TRUE,0,回答正確。,“她轉進一條小巷，巷子兩旁的垃圾桶擋住了追蹤者的視線，心跳漸漸平穩。”艾莉在小巷中喘息，內心暗自祈禱，逃出這個危險的夜晚。
177,1,Guide10,U039,2,2025/3/17  15:36:47 AM,FALSE,2,答案不正確。請再檢查一下你的解答過程。,"""突然，周圍的樹影開始扭曲，深邃的黑暗中不時傳來低沉的吼聲，使林雨的心底再次涌起不安。她明白，逃離的路途並不平坦，隨時可能有未知的危險接近。"""
178,1,Guide12,u038,3,2025/3/17  15:36:47 AM,TRUE,5,您的回答是正確的。,"""突然，陳宇發現前方有一個小亭子，他快速衝進去躲藏，心跳逐漸平靜下來。在微弱的燈光下，他握緊手機，準備隨時求助。"""
179,1,Guide7,u017,1,2025/3/17  15:36:53 AM,TRUE,1,你的回答正確。,"""出租車的後座燈亮起，映出司機的焦急表情，他催促李明快點上車。""李明心中一陣希望，雙腳毫不猶豫地跳進車內，關上車門的瞬間，讓他感受到一絲安全感。"
180,1,Guide10,U039,1,2025/3/17  15:36:55 AM,FALSE,3,您的回答不正確。請再確認一下問題的細節。,"""突如其來的狂風呼嘯而過，樹枝拍打在林雨的臉上，刺激著她的感官，讓她的恐懼倍增。她的方向感在漆黑中變得模糊，逃離的機會彷彿在直線縮短。"""
181,1,Guide13.1,u030,8,2025/3/17  15:36:58 AM,TRUE,6,你的回答正確，H島上的海狸數量正確。,"小晴靈機一動，""她記起巷弄盡頭有一扇不常使用的門，或許能避開惡影。""心中燃起一絲希望，拼命加速奔向那扇門，期待能逃出這如夢魘般的追逐。"
182,1,Guide7,u011,1,2025/3/17  15:36:58 AM,TRUE,5,您的回答正確。,"""突然，她注意到前方的一扇破舊鐵門微微敞開，似乎是一條逃生的路徑。"" 她心中燃起一絲希望，快速朝著那扇門奔去，心跳聲與腳步聲交織，隨著每一步，掙扎著逃離那張陰暗的網。"
183,1,Guide0,u026,9,2025/3/17  15:36:58 AM,FALSE,0,您的回答不正確，請檢查您的解題過程。,"""巷弄的轉角處充滿了濃霧，視線受限，讓李明無法辨認逃跑的方向。""李明心中更添焦慮，四周的環境彷彿成了他逃亡的絆腳石。每一秒都讓他感受到死亡的逼近。"
184,1,Guide12,u008,3,2025/3/17  15:36:59 AM,TRUE,6,您的回答正確。,"""小巷的轉角處突然出現了一扇半掩的木門，透出微弱的燭光。小明毫不猶豫地推開門，躲進了裡面，心跳漸漸平息，耳邊的腳步聲似乎遠去。"""
185,1,Guide9,u032,3,2025/3/17  15:37:00 AM,TRUE,3,您的回答正確。,"李明在黑暗中摸索，忽然觸碰到一根粗大的水管，心中一喜，""水流的方向或許能帶他逃出這個死胡同。""他順著水管前進，心中的希望逐漸增強。"
186,1,Guide9,u012,4,2025/3/17  15:37:03 AM,FALSE,4,很接近，但不匹配正確答案。再檢查一次你的計算過程。,"""小溪的水流雖然诱人，但水面上漂浮著厚厚的濃霧，幾乎看不清前方的道路。若不小心滑倒或迷失方向，可能會再次陷入無邊的黑暗中，成為追逐者的獵物。"""
187,1,Guide9,u010,3,2025/3/17  15:37:04 AM,TRUE,2,您提供的回答是正確的。,"""街道旁的廢棄倉庫突然閃爍著微弱的燈光，引起了李明的注意。他心中掠過一絲希望，或許那是安全的避難所，他加速朝著倉庫奔去。"""
188,1,Guide13,u038,5,2025/3/17  15:37:05 AM,FALSE,6,您的回答數量與正確答案不符，請再試一次。,"""小亭子四周的樹木遮蔽了視線，讓陳宇無法清楚看見追趕者的動向。""陳宇屏住呼吸，心中暗想，這裡的角落雖然可以暫時隱藏，但也可能成為他無法逃脫的陷阱。"
189,1,Guide10,u013,1,2025/3/17  15:37:08 AM,FALSE,8,你的答案為 1，正確答案應為 5。,"""雨水漸漸加大，街道變得泥濘不堪，李明的每一步都更加困難，靴子被黏重的泥巴拖慢了速度，使他與追逐者之間的距離越來越小。"""
190,1,Guide6,u037,1,2025/3/17  15:37:10 AM,TRUE,0,回答正確，E島的海狸數量確實是1。,"""她迅速推開門，裡面是一間熱鬧的酒吧，音樂聲掩蓋了後方的腳步聲。人群的嘈雜讓她產生一絲安全感，並朝著吧台奔去，企圖在這人潮中隱藏身形。"""
191,1,Guide10,u032,0,2025/3/17  15:37:11 AM,FALSE,4,您的回答不正確，C島上應有5隻海狸。,"""陰暗的天氣突然下起大雨""，李明快步沿著水管前進，卻因雨水湧入巷道，地面變得滑溜不堪。他的腳步不由自主地減緩，心中越發懷疑這條道路是否真能帶他逃脫。"
192,1,Guide8,u017,2,2025/3/17  15:37:12 AM,TRUE,1,您的回答正確。,"""出租車駛離時，李明聽到後方傳來的腳步聲逐漸遠去，心中的恐懼隨著車速消散。夜色依然吞噬四周，但他終於感受到片刻的安心，心跳漸漸平靜下來。"""
193,1,Guide0,u020,13,2025/3/17  15:37:13 AM,TRUE,0,使用者的回答符合正確答案。,「突然，一道微弱的光線從巷弄頂端射來，讓陳宇看到了逃生的方向。」他心中一陣激動，迅速轉身向光亮的方向奔去，心跳的節奏似乎也隨之加快，勇氣在他血液中澎湃。
194,1,Guide12,u035,3,2025/3/17  15:37:13 AM,TRUE,3,使用者的回答正確。,"小婷猛然看到前方的路燈亮起，""光線如安全的港灣，指引她逃離黑暗。""她心中燃起一絲勇氣，迅速加快腳步，眼中閃爍著希望，奔向那片明亮的範圍。"
195,1,Guide14,u030,5,2025/3/17  15:37:14 AM,FALSE,7,使用者回應的答案是5，但正確答案是13。,"""突如其來的雨水使地面濕滑，讓小晴的腳步變得更加艱難。""小晴感受到腳下的濕滑，她努力保持平衡，但心中的恐懼與焦慮卻讓她無法冷靜，步伐變得更加慌亂。"
196,1,Guide8,u011,2,2025/3/17  15:37:15 AM,TRUE,5,使用者的回答正確。,"""就在她快要接近那扇門的時候，街邊的路燈突然閃爍，似乎為她指引了方向，令她的心中燃起一股勇氣，鼓起全力朝門口衝去。"""
197,1,Guide11,U039,1,2025/3/17  15:37:16 AM,FALSE,4,您的回答不正確，正確答案是 3。,“突然出現的陰影如惡魔般糾纏，令林雨的恐懼更加深化。”她的心中彷彿有一股無形的力量在阻擋她的逃離，腳步再也無法加快，空氣中瀰漫著無法言喻的緊張。
198,1,Guide10,u003,1,2025/3/17  15:37:18 AM,FALSE,3,您的回答不正確。正確答案是“5”。,"""潮濕的石板路滑不留情，使王明每一步都如行走在刀尖上。"" 王明喘著氣，心中焦急，卻發現無法全力奔跑，腳下的路成為他逃離的絆腳石，恐懼更深了。"
199,1,Guide9,u012,5,2025/3/17  15:37:18 AM,FALSE,5,你的回答不符合正確答案，B島上應該有3隻海狸。,"""樹林深處隱藏著不明的陷阱，濃霧中藏有未知的危險，任何的猶豫都可能讓小玲失去逃離的機會。""當小玲加快腳步時，腳下的根系纏繞著她，使她無法自如奔跑。"
200,1,Guide13,u008,5,2025/3/17  15:37:20 AM,FALSE,7,使用者提供的答案與正確答案不符。,小明剛放鬆了心情，卻聽見門外傳來“沉重的喘息聲和低沉的咒罵”，讓他驚慌失措。這不僅是逃離的障礙，更是隱藏在黑暗中更大的威脅。
201,1,Guide0,u015,13,2025/3/17  15:37:20 AM,TRUE,0,你的回答正確，最多可以有 13 隻海狸到達 H 島。,陳凡突然注意到前方有一道微弱的光亮，心中燃起一絲希望。他加速向光奔去，內心告訴自己，那或許是一條逃生之路。“光明指引著他逃離絕望。”
202,1,Guide10,u013,0,2025/3/17  15:37:23 AM,FALSE,9,回應不正確，正確答案應為 5。,"""路面濕滑，行動受到阻礙，雨勢也持續加大，李明的靴子陷入泥濘中，讓他無法全力逃跑，隨著追逐者的腳步聲越來越近，恐懼貫穿了全身。"""
203,1,Guide9,u012,3,2025/3/17  15:37:26 AM,TRUE,5,您的回答是正確的。,小玲突然注意到前方有一條小溪，心中一亮，“水聲可以掩蓋我的腳步聲！”她迅速朝溪邊奔去，試圖藉助水流的掩護，減緩追逐者的步伐。
204,1,Guide10,u032,1,2025/3/17  15:37:27 AM,FALSE,5,你的回答不正確，請再試一次。,"""巷口突然出現了一個巨大的水坑，路面沉積著數日的雨水，李明猶豫了一瞬，心想這會不會成為他逃脫的絆腳石。他的心中涌起一陣焦慮，步伐不由自主地減慢。"""
205,1,Guide0,u021,13,2025/3/17  15:37:28 AM,TRUE,0,您的回答正確。,"""突然，她注意到前方有一扇微微開啟的門，透出溫暖的光芒。""年輕女子心中的恐懼稍稍減弱，迅速朝著那道光奔去，心中希望能在這道光明中找到安全。"
206,1,Guide10,u010,0,2025/3/17  15:37:28 AM,FALSE,3,使用者的回答不正確。正確答案應為 5。,"""地面上隱藏著用油漆涂抹的滑溜玻璃碎片，李明的腳步變得更加不穩，讓他無法迅速逃離。漆黑的陰影也隨時可能吞噬他的希望，令他心生恐懼。"""
207,1,Guide14,u030,13,2025/3/17  15:37:30 AM,TRUE,7,您的回答 13 是正確的，符合正確答案。,"""小晴突然注意到前方有一道微弱的光亮，像是希望的曙光。她心中一震，鼓起勇氣，朝那光明奔去，或許那是安全的所在，能讓她擺脫陰影的追逐。"""
208,1,Guide7,u037,1,2025/3/17  15:37:31 AM,TRUE,0,回答正確,"""她快速點了一杯酒，隨即用飲料遮住了自己的臉，試圖讓自己融入這個熱鬧的環境。音樂的節拍也讓她的心情稍微平靜，耳邊的喧嘩阻擋了追蹤者的腳步聲。"""
209,1,Guide11,u013,4,2025/3/17  15:37:33 AM,FALSE,10,你的答案是 4，但正確答案是 3。,"""巷弄狹窄，視野受限""。李明拼命向前奔跑，但四周的牆壁讓他難以找到逃離的路，心中不安漸增，追逐者的呼喊在耳邊迴響，似乎已經快要追上。"
210,1,-1,u030,13,2025/3/17  15:37:34 AM,TRUE,7,,小晴拼命奔向那道微弱的光亮，心中隱藏的恐懼隨著每一步逐漸消散。當她走近，發現那是一扇開著的咖啡館門，橘黃色的燈光溫暖而柔和，讓她如同置身於安全的港灣。她喘息著進入，回頭凝視那黑暗的巷弄，腳步聲漸漸遠去，心中壓抑的恐慌終於化為平靜。小晴知道，自己暫時逃離了那隻無形的黑影，開始重新尋找生活的勇氣與希望。
211,1,Guide13.1,u038,8,2025/3/17  15:37:35 AM,TRUE,6,你的回答正確。,"""陳宇靈機一動，轉身躲入亭子後方，他屏息靜聽，等待腳步聲逐漸遠去。暗影中，月光透過樹隙，成為他逃脫的指引。"""
212,1,Guide11,u013,4,2025/3/17  15:37:37 AM,FALSE,10,,在絕望的巷弄深處，李明終於被一隻強而有力的手抓住，瞬間感受到冰冷的絕望。他被拖入陰影之中，耳邊回蕩著追逐者如狼似虎的低語。那一刻，時間彷彿凝固，心跳聲如同雷鳴劃破夜空，他的奮力掙扎徒勞無功。雨水在他臉上滑落，與淚水交織成絕望的交響曲，消逝在漫漫夜幕之中，城市的霓虹燈彷彿也為他哀悼，每一盞燈光都閃爍著無情的嘲諷。
213,1,Guide10,u032,5,2025/3/17  15:37:40 AM,TRUE,5,您的回答正確，C島上有5隻海狸。,"李明猛然靈光一閃，""藉著水坑的反射，他找到了一道隱秘的小路。""迅速轉身，他向小巷深處竄去，心中燃起一絲希望，逃脫的機會似乎就在眼前。"
214,1,Guide0,u022,13,2025/3/17  15:37:41 AM,TRUE,0,你的回答是正確的。,"""小雅看到前方一扇微開的門，心中閃過一絲希望。她決定不再逃避，朝著那道光芒奔去，或許能暫時躲避身後的追趕者。"""
215,1,Guide11,U039,3,2025/3/17  15:37:43 AM,TRUE,4,您的回答是正確的。,"就在林雨的心頭充滿絕望之際，""一絲微光透過枝葉照亮前方，彷彿在指引她逃生的路徑。""她深吸一口氣，鼓起勇氣，朝著光亮的方向奔去，心中燃起了希望的火焰。"
216,1,Guide13,u008,8,2025/3/17  15:37:43 AM,TRUE,7,您的回答正確，第四回合抵達H島的海狸數是8。,小明在小巷深處發現了一扇半開的門，心中閃過一絲希望。他快速推門而入，逃離了恐懼的追逐，內心暗自祈禱：”或許這裡能讓我暫時安全。“
217,1,Guide10,u012,1,2025/3/17  15:37:44 AM,FALSE,6,您的回答是 1，與正確答案不符。請再試一次。,小玲剛到溪邊，卻發現“水流在秋夜中變得異常低弱，聲音微弱無法掩蓋她的腳步。”她心中一沉，追逐者的腳步聲依然迫近，無法逃脱的窘境讓她感到更加絕望。
218,1,Guide13,u035,8,2025/3/17  15:37:47 AM,TRUE,3,您的回答正確。,"小婷在奔向路燈的過程中，突然看見了前方的一扇咖啡館的窗戶透出溫暖的光芒，""那是一個避風的地方，讓她心中再燃希望，決定進去尋求幫助。"""
219,1,Guide0,u019,13,2025/3/17  15:37:48 AM,TRUE,0,你的答案是正確的！,"""一陣刺耳的警報聲從不遠處傳來，讓阿明的心中燃起一絲希望。他急忙轉身奔向旁邊的小巷，心中默念著：或許那裡能找到一條通往自由的路。"""
220,1,Guide9,u017,0,2025/3/17  15:37:50 AM,FALSE,2,您的回答不正確，B島上的海狸數量似乎不符預期。,"""大雨越下越大，地面變得滑溜不堪，李明的腳步開始不穩，心中湧起新的恐慌。耳邊的腳步聲依然不斷逼近，他知道自己必須再拼命跑出這片絕望。"""
221,1,Guide11,u032,0,2025/3/17  15:37:51 AM,FALSE,6,使用者的回答不正確。正確答案是 3。,"""巷子裡的陰暗角落隱藏著數個行人，李明瞬間被包圍。""他驚慌失措，四周的目光如利刃般刺向他，心中燃起恐懼，逃離的希望再度渺小。"
222,1,Guide10,u007,1,2025/3/17  15:37:52 AM,FALSE,4,答案不正確。正確答案為 5。,“巷子兩側堆滿廢棄的箱子，阻礙了逃生的路徑。”林宇和小凱心急如焚，眼看黑影逼近，兩人無法轉身，只能在狹小的巷子裡燃起一線希望，尋找任何能夠逃脫的機會。
223,1,Guide11,u010,1,2025/3/17  15:37:53 AM,FALSE,4,您的回答不正確，請提供正確的海狸數量。,"""城區的破敗建築互相遮擋，讓李明的視野變得模糊不清，無法判斷逃生的方向。""他心中焦急，驚恐地發現，四周的迷宮似乎將他越拉越深，每一步都在逼近絕境。"
224,1,Guide14,u038,12,2025/3/17  15:37:53 AM,FALSE,7,你回答的數字是12，正確答案是13。,"""突然一陣強風吹過，樹葉刷刷作響，隱約傳來狗吠聲，彷彿在告訴追逐者他的所在。""陳宇心中一慌，知道若不趕快行動，可能會暴露行蹤。危機感讓他更加焦急，必須尋找一條逃生之路。"
225,1,Guide11,u012,6,2025/3/17  15:37:59 AM,FALSE,7,回答不正確，請再檢查您的計算過程。,"小玲忽然踩到了不知名的樹根，腳踝一陣刺痛，讓她摔倒在地，""無法再快速逃離的痛楚將她拖入更深的恐懼中。""追逐者的影子在黑暗中愈加逼近，絕望瀰漫。"
226,1,Guide12,U039,5,2025/3/17  15:37:59 AM,FALSE,5,您的回答不正確，請仔細檢查問題並再試一次。,"""就在林雨接近那道微光時，黑暗中傳來低沉的低語聲，似乎在警告她不要靠近。她的心瞬間被恐懼吞噬，腳步不由自主地停下，懷疑那光明是否真能帶她逃離這片恐怖的森林。"""
227,1,Guide14,u008,13,2025/3/17  15:38:00 AM,TRUE,7,回答正確，您精確地匹配了正確答案。,小明進入房間後，發現裡面有一扇小窗戶，剛好能讓他從高處觀察外面。“或許這是我逃出的機會。”他暗自希望，迅速靠近窗戶，瞥見外頭的動靜。
228,1,Guide8,u037,2,2025/3/17  15:38:01 AM,TRUE,0,您的回答正確。,在一瞬間，她注意到巷子旁有一扇半開的門，“或許那裡能找到避難所。”她毫不猶豫地衝向那扇門，將自己藏在陰影中，屏住呼吸，靜待追兵經過。
229,1,Guide9,u017,3,2025/3/17  15:38:03 AM,TRUE,2,你的回答是正確的。,"""突然，一道閃光劃過天際，隨之而來的雷聲震耳欲聾。""李明喃喃自語，心中忽然生出勇氣，迅速轉身朝一條小巷奔去，仿佛那是唯一的逃生之路。"
230,1,-1,u008,13,2025/3/17  15:38:04 AM,TRUE,7,,小明透過小窗戶觀察外面的情況，雨勢漸漸減弱，街道上的腳步聲似乎遠去。他緩緩深呼吸，心中的恐懼逐漸平息。就在此時，他注意到對面巷子裡閃爍的燈光，像是安全的庇護所。鼓起勇氣，小明迅速推開窗戶，跨出一小步，然後朝著那道光奔去，背後的陰影終於被拋在了身後。他終於逃出了黑暗，迎向了未知的希望。
231,1,Guide11,u012,2,2025/3/17  15:38:08 AM,FALSE,8,您的回答並不正確，請再試一次。,"""樹叢密布，遮擋了她的視線，讓她難以辨認逃生的方向。""小玲心中開始懷疑自己是否能找到出路，四周的黑暗更像是一道無形的牢籠，讓她的心情愈加沉重。"
232,1,Guide14,u035,13,2025/3/17  15:38:08 AM,TRUE,3,回答正確！,“小婷急忙推開咖啡館的門，溫暖的光芒瞬間包圍了她，仿佛驅散了黑暗中的恐懼。她深吸一口氣，迅速向櫃檯求助，轉瞬間感到安全感回流，心情稍稍平復。”
233,1,Guide2,u009,3,2025/3/17  15:38:10 AM,TRUE,0,您回答的3是正確的答案。,"""在一瞬間，他注意到一扇半掩的門，微弱的光線透出，彷彿是逃脫的希望。心中燃起一絲勇氣，李明迅速朝那扇門衝去，渴望將恐懼甩在身後。"""
234,1,-1,u035,13,2025/3/17  15:38:12 AM,TRUE,3,,小婷在咖啡館裡，望著窗外漸漸消失的黑暗，心中的恐懼漸漸被溫暖的光芒驅散。她感激地對櫃檯的服務生道謝，手心的冷汗在這一刻得以平息。耳邊傳來輕柔的音樂，彷彿在安撫她受驚的心靈。小婷知道，今晚的陰霾將成為一段難忘的經歷，但她也懂得，每一次面對恐懼，都是一次成長的機會。她微笑著，逐漸找回了內心的平靜。
235,1,Guide12,u032,3,2025/3/17  15:38:13 AM,TRUE,6,回答正確，你的回應符合正確答案。,李明深吸一口氣，眼神迅速掃過四周，發現一扇虛掩的門。他迅速奔向那扇門，心中默念著“這是一個逃生的機會！”他推門而入，隨即將門關上，心中的恐懼暫時消退。
236,1,Guide9,u011,4,2025/3/17  15:38:16 AM,FALSE,6,使用者的回答與正確答案不匹配。請檢查答題過程並再次嘗試。,"""就在她接近門口的瞬間，雨勢加大，地面愈加滑膩，讓她幾乎失去平衡。後方的腳步聲越來越近，仿佛在嘲弄她的掙扎，恐懼再次撲面而來，無情地吞噬著她的希望。"""
237,1,Guide2,u026,3,2025/3/17  15:38:18 AM,TRUE,0,您的回答是正確的。您找到了從A島到H島的路線數量。,“突然，他在巷弄的一隅發現一扇半開的窗戶，微弱的燈光透出，彷彿是黑暗中的一絲希望。”李明心中燃起一線生機，迅速朝那扇窗戶奔去，試圖掙脫追逐的恐懼。
238,1,Guide12,U039,3,2025/3/17  15:38:18 AM,TRUE,5,您的回答正確！第三回合抵達H島的海狸數為3。,"""突然，一陣微風拂過，帶來了淡淡的花香，讓林雨感到心頭一震。她記起了小時候探險的勇氣，心中燃起希望，決定朝著微光的方向衝去，忽略低語聲的威脅。"""
239,1,Guide14,u038,5,2025/3/17  15:38:20 AM,FALSE,8,使用者的回答與正確答案不匹配。,"""月光照亮的空曠地帶使得陳宇無法隱藏行蹤，四周的樹木反而成為他逃跑的障礙。""陳宇心中愈發不安，速度也因此放慢，時間似乎在這一刻變得異常緩慢。"
240,1,Guide11,u012,3,2025/3/17  15:38:22 AM,TRUE,8,使用者的回答與正確答案匹配。,"""月光突然穿透雲層，照亮了小徑前方的路。小玲心中燃起一絲希望，努力朝著那道光奔去，心跳逐漸平穩，轉身的勇氣也在此刻湧現。"""
241,1,Guide9,u037,4,2025/3/17  15:38:23 AM,FALSE,1,您的回答是 4，但正確答案是 3。,“夜晚的陰霾讓她的視線受到限制。”她躲在門後，心中焦急。然而，從前方傳來的低沉腳步聲讓她明白，追兵似乎察覺到了她的行蹤。每個瞬間都彷彿拉長了時間，恐慌逐漸撲上心頭。
242,1,Guide2,u004,2,2025/3/17  15:38:27 AM,FALSE,1,您的答案不正確。請檢查您解題的過程及最終答案。,"李明的呼吸逐漸急促，""小巷深處傳來潮水般的回音，讓他倍感孤立無援，像是被困在一個無法逃脫的囚籠。""他握緊拳頭，心中焦慮，唯有拼命向前衝刺。"
243,1,Guide3,u009,4,2025/3/17  15:38:30 AM,TRUE,0,你的答案是正確的！,"""就在李明快要撞上門框的瞬間，他聽見一陣急促的喘息聲，緊接著是一道纖細的身影從裡面闖出，拉住了他，神秘男子低聲道：“快！跟我來！”這突如其來的支持讓李明感到了一線生機。"""
244,1,Guide13,U039,6,2025/3/17  15:38:32 AM,FALSE,6,您的回答不正確。請檢查您的計算過程並再次確認答案。,"""不遠處傳來了低語聲，似乎有什麼不懷好意的存在正在悄然逼近，讓林雨倍感不安。""她的心情迅速轉變，面對四周的陌生與恐懼，她不由得放慢了腳步。"
245,1,Guide11,u003,1,2025/3/17  15:38:33 AM,FALSE,4,您的回答和正確答案不符合。請再檢查一下問題的敘述。,"""夜空中的陰雲逐漸聚集，雷聲低沉而頻繁，彷彿在警告他即將來臨的災難。"" 王明的心中更加焦慮，這突如其來的天氣變化讓逃跑的路途變得更加艱辛，恐懼如潮水般湧來。"
246,1,Guide13,u032,5,2025/3/17  15:38:33 AM,FALSE,7,你的回答是5，正確答案是8。,李明發現，門後的空間擺滿了堆積的箱子，“這裡成了隱蔽的迷宮”。他心中驚惶，無法確定逃生的路徑，他的直覺告訴他，追捕者並不會輕易放過他。
247,1,Guide10,u011,1,2025/3/17  15:38:34 AM,FALSE,7,您的回答不正確。正確答案是：5。,"""突然，前方出現了一道封閉的圍牆，遮住了她的去路。""年輕女子心頭一震，四周的暗影似乎逼近，讓她感受到無處可逃的絕望，心中的恐懼再次加劇。"
248,1,Guide9,u037,0,2025/3/17  15:38:42 AM,FALSE,2,你的回答與正確答案不符。第二回合後，B島上應有 3 隻海狸。,“小巷的拐角處藏著黑暗的陰影，遠處的燈光模糊不清，讓她無法判斷逃跑的方向。”她的心中一陣絕望，知道再不逃，她的命運將被這些影子改寫。
249,1,Guide4,u009,1,2025/3/17  15:38:45 AM,TRUE,0,您答對了！,李明心中一縷希望閃現，他迅速跟隨神秘男子進入一扇隱蔽的小門。隨著關閉的聲音，外面的腳步聲逐漸遠去，心中的恐懼暫時被安撫，內心忍不住想到：“這可能是我逃出生天的機會。”
250,1,Guide14,u038,13,2025/3/17  15:38:45 AM,TRUE,8,您的回答是正確的。,"""陳宇突然發現前方有一條小徑，雖然狹窄卻通往另一側的公園出口。他立即轉身往小徑奔去，心中暗自祈禱，希望能躲過那緊迫的身影。"""
251,1,Guide3,u026,4,2025/3/17  15:38:45 AM,TRUE,0,使用者的回答正確。,"""李明鼓起勇氣，跳上垃圾桶，翻身進入那扇窗戶。裡面是個狹小的儲物間，低微的燈光照亮了他驚恐的面容，心中再次燃起希望，暫時逃離了恐怖的追逐聲。"""
252,1,Guide12,u012,4,2025/3/17  15:38:46 AM,FALSE,9,您的回答不正確。正確答案是 3。,"""樹影低垂的枝條如同黑爪，無情地攔住小玲的去路，使她每次想逃跑的心情都痛苦交雜，越是掙扎，越是感到窒息的恐慌在心中蔓延。"""
253,1,-1,u038,13,2025/3/17  15:38:49 AM,TRUE,8,,陳宇拼命跑進狹窄的小徑，四周的黑暗似乎在吞噬他的每一步。突然，他猛然看到前方微弱的燈光，心中一陣希望的湧現。他加快腳步，毫不回頭，直到衝出小徑，進入燈光照耀的公園出口。回首一看，那道身影已然消失在黑暗中。他喘著氣，心中雖然仍感不安，但至少暫時逃離了危險，夜空中月亮依舊清冷，卻也讓他感到一絲慰藉。
254,1,Guide11,u010,3,2025/3/17  15:38:51 AM,TRUE,4,您的回答正確！,"""李明注意到前方有一道微弱的光亮，他心中一陣希望，直覺告訴他那是出口的方向。""他加快腳步，將所有的力氣集中在逃向那道光明，驅散心中的恐懼。"
255,1,Guide12.1,u012,3,2025/3/17  15:38:53 AM,TRUE,9,您的回答正確，H島上共有3隻海狸。,"""就在小玲幾乎絕望之際，她聽到了遠處的溪水聲，那是通向安全的出口。她努力集中注意力，心中漸漸燃起一絲希望，隨著腳步加快，朝著溪水的方向奔去。"""
256,1,Guide10,u017,4,2025/3/17  15:38:55 AM,FALSE,3,你的答案不正確，請再檢查C島上的海狸數量。,"""巷口有一扇緊閉的鐵門，似乎無法推開。"" 李明心中一緊，逃跑的路被堵住，陰影的腳步聲更加迫近，絕望的情緒再度湧上心頭，他能否找到其他的出路？"
257,1,Guide13.1,U039,8,2025/3/17  15:38:55 AM,TRUE,6,您的回答正確。,“風忽然轉向，帶來了熟悉的花香味，讓林雨的心情稍微放鬆。她猛然想到，前方有條小溪流過，趕緊朝那方向奔去，希望能借助水源做一番反擊。”
258,1,Guide10,u011,5,2025/3/17  15:38:56 AM,TRUE,7,你的回答正確。,"""她眼尖看到右側有一扇小門，遮在陰影下，似乎是一條生路。"" 年輕女子心中一喜，立即改變方向，趁著漆黑掩護，快步朝那扇小門奔去，渴望逃出這恐怖的追逐。"
259,1,Guide5,u009,3,2025/3/17  15:38:58 AM,TRUE,0,回答正確。,李明發現小門後的小巷是一條通往城鎮外的秘密通道，他冷靜下來，心裡默念：“'這裡或許能帶我逃脫，重新獲得自由。'”他迅速潛入黑暗中，尋找出路。
260,1,Guide2,u004,3,2025/3/17  15:39:01 AM,TRUE,1,您的回答正確！,"李明在轉角處意外發現了一扇敞開的門，心中一亮，""這是逃出生天的機會！""他毫不猶豫地衝了進去，心跳漸漸平穩，周圍的黑暗似乎開始變得可控。"
261,1,Guide13,u032,8,2025/3/17  15:39:01 AM,TRUE,7,您的回答是正確的！,“李明注意到一處破舊的煙囪，心生一計。”他迅速攀爬而上，躲避在陰暗的天台上，低聲而息，透過縫隙觀察追逐者的動向，心中燃起一絲希望。
262,1,Guide4,u026,1,2025/3/17  15:39:03 AM,TRUE,0,您的回答正確。,"""李明四處尋找，終於發現一扇半開的側門，急忙推開，涼風瞬間撲面而來。他的心跳稍微減緩，知道自己有機會再次逃脫，必須把握這來之不易的良機。"""
263,1,Guide11,u003,0,2025/3/17  15:39:03 AM,FALSE,5,回應不正確。正確答案為3。,"""街道兩旁的建築物陰影重重，讓逃跑的路徑變得狹窄，王明感到四周的壓迫感越發強烈。"" 他一邊奔跑，一邊思考著怎麼才能逃過這一劫。此刻，唯一能做的就是不斷向前。"
264,1,Guide0,u001,13,2025/3/17  15:39:08 AM,TRUE,0,您的回答正確。,"""小雅忽然看見前方的巷子，心中燃起一絲希望。她迅速轉身進入，利用巷子的狹窄避開追逐，內心緊張卻也感受到一絲安心，彷彿黑影的威脅漸漸遠去。"""
265,1,Guide13,u012,8,2025/3/17  15:39:12 AM,TRUE,9,你的回答是正確的！,"""突然，一陣清新的風吹過，樹葉沙沙作響，彷彿在為小玲指引方向。她感受到一種莫名的勇氣，繼續向著溪水的聲音跑去，心中祈願著能逃脫這場追逐。"""
266,1,Guide14,U039,13,2025/3/17  15:39:12 AM,TRUE,6,您的回答與正確答案相符。,“月光透過樹葉灑下銀色光芒，映照出前方的小溪涌動。林雨感受到水流的低語，心中燃起一絲勇氣，迅速朝著那方向奔去，渴望能在水邊找到一絲庇護。”
267,1,Guide14,u032,13,2025/3/17  15:39:12 AM,TRUE,7,您的回答是正確的。,李明注意到煙囪旁邊的排水管，心中一動，暗道：“或許可以利用這個逃生！”他迅速爬下，找到一條通往街道後方的隱蔽小路，成功甩掉追逐者，心中感到一陣解脫。
268,1,Guide11,u011,4,2025/3/17  15:39:13 AM,FALSE,8,答案不正確。請檢查您的計算過程。,"""小門已經緊鎖，無法打開。"" 年輕女子心中的希望瞬間破滅，恐懼感加倍襲來。她回頭，耳邊的腳步聲越來越近，迫使她再次陷入絕望的奔逃中。"
269,1,Guide11,u003,3,2025/3/17  15:39:15 AM,TRUE,5,回答正確。,"""王明突然注意到前方的巷口有一扇亮著微光的門，心中燃起一絲希望。他加快步伐，決定奔向那扇門，希望能找到一個暫時的庇護，躲避追逐的陰影。"""
270,1,Guide9,u037,5,2025/3/17  15:39:15 AM,FALSE,3,您的回答是錯誤的。請再檢查解題過程。,“巷子兩側的垃圾堆和破爛的障礙物，使她逃生的路途更加艱難。”在慌張中，她的腳步因不慎絆到一個舊木箱而踉蹌了一下，心中不由得涌起更深的絕望。
271,1,-1,U039,13,2025/3/17  15:39:16 AM,TRUE,6,,林雨終於來到小溪邊，耳邊水流的低語如同安撫的歌聲，令她驚恐的心稍稍平靜。月光柔和地照亮四周，她彷彿置身於夢一般的境地。深吸一口氣，她蹲下身子用手撥動冰冷的水面，映出她驚慌失措的面容。就在此時，隱藏在黑暗中的恐懼似乎也被水流帶走，只留下重生的希望在心中湧動。她明白，自己已經逃離了那無盡的追逐。
272,1,Guide5,u026,3,2025/3/17  15:39:16 AM,TRUE,0,使用者的回答是正確的。,"""李明迅速進入側門，發現裡面是一條通往地下室的樓梯。雖然黑暗籠罩，但他知道，藏身於此或許能暫時躲避追兵，為自己贏得喘息的機會。"""
273,1,Guide12,u010,3,2025/3/17  15:39:16 AM,TRUE,4,您的回應正確，回答與正確答案相符。,"""就在李明即將沮喪之際，他聽見前方傳來輕柔的音樂聲，彷彿在指引他。他加速奔向光亮，心中燃起一絲希望，腳步也變得更加穩健。"""
274,1,-1,u032,13,2025/3/17  15:39:17 AM,TRUE,7,,李明呼吸逐漸平穩，躲在小路的陰影中，聽著遠處追逐者的腳步漸行漸遠。心中懷著一絲難以言喻的焦慮，他知道這場追逐並未結束。淡淡的霓虹光透過小巷照在他面龐上，他的眼眸中透露出一抹堅毅。李明抬起頭，凝望著前方未知的世界，決定不再逃避，將這份恐懼化為重新開始的勇氣，步伐穩健地朝新的方向邁去。
275,1,Guide11,u017,0,2025/3/17  15:39:20 AM,FALSE,4,您的回答不正確。正確答案是 3。,"""雨水漸漸變大，地面濕滑，使李明每一步都變得艱難。"" 李明的心中更加焦急，腳下的水漩渦似乎將他拖向更深的無助，他必須加倍努力，才能逃離那逼近的陰影。"
276,1,Guide2,u018,5,2025/3/17  15:39:28 AM,FALSE,1,使用者的回答是 5，正確答案是 3。請再檢查一下答案。,“倉庫內的昏暗光線讓李明無法判断方向。”他在空蕩的空間中越跑越絕望，四周的雜物成為他逃跑的障礙，背後那令人窒息的腳步聲如影隨形，逼近得讓他幾乎無法呼吸。
277,1,Guide6,u026,1,2025/3/17  15:39:32 AM,TRUE,0,您的回答正確。,"""樓梯盡頭傳來微弱的燈光，李明心中一亮。他迅速朝那方向奔去，若能進入那光亮的空間，或許能找到逃生的路徑，甚至可能藏身於某個安全的地方，暫時擺脫追兵。"""
278,1,Guide14,u012,13,2025/3/17  15:39:35 AM,TRUE,9,你的回答是正確的！,"""小玲注意到前方的溪水投射出微弱的光芒，像是她的救命稻草。她加快腳步，心中的恐懼逐漸被希望取代，決心不再讓那模糊的身影吞噬自己。"""
279,1,Guide10,u037,5,2025/3/17  15:39:39 AM,TRUE,3,您的回答正確，確實是 5 隻海狸。,"""就在她絆倒的瞬間，巷子角落一扇半開的門吸引了她的視線。""年輕女子迅速向那扇門衝去，心中燃起希望的火焰，或許這是她逃脫追捕的唯一機會。"
280,1,-1,u012,13,2025/3/17  15:39:39 AM,TRUE,9,,小玲在溪水旁停下，喘著氣，撩起冷水，清涼的觸感讓她重新獲得了勇氣。回頭望去，那抹模糊的身影似乎因為溪水的光芒而停下了腳步，慢慢消散於黑暗之中。她知道危險尚未全然解除，但已不再是從前的她。小玲泣不成聲，卻也覺得心中充滿了重生的力量，轉身朝著小徑另一端的光亮走去。月光如同護航的星辰，帶領她走向未知的未來。
281,1,Guide10,u007,0,2025/3/17  15:39:40 AM,FALSE,5,您的回答不正確。請再檢查問題的細節。,“巷子裡的回音加強了他們的恐懼，黑影的步伐愈加迫近。”林宇和小凱心中雖然充滿絕望，但他們知道必須保持冷靜，尋找脫困的辦法，否則只會被迫絕境。
282,1,Guide0,u029,11,2025/3/17  15:39:41 AM,FALSE,0,使用者的答案不正確。正確答案是 13。,"""周遭漆黑無光，閃爍的雨滴聲中，林志偉無法辨認黑影的靈活性，可能隨時被發現。"" 他屏息靜氣，竭盡全力保持冷靜，心中惶恐，思緒雜亂，難以找到逃脫的機會。"
283,1,Guide3,u004,4,2025/3/17  15:39:42 AM,TRUE,1,您的回答與正確答案相符。,李明迅速關上門，鎖上了大門，心中默念：“這裏或許能躲過追擊。”他輕聲呼吸，聽見外面急促的腳步聲逐漸遠去，感受到一絲希望的曙光。
284,1,Guide12,u003,3,2025/3/17  15:39:45 AM,TRUE,5,恭喜！您的回答正確。,"""就在王明快到達那扇門時，突然一陣貓咪的叫聲吸引了他的注意，讓他感到心神稍定。他瞬間明白，或許這不僅僅是逃避，而是尋找一絲生命的希望。"""
285,1,Guide13,u010,8,2025/3/17  15:39:47 AM,TRUE,4,回答正確！使用者的回答符合正確答案。,"""就在此時，他發現了一條隱蔽的巷弄，光亮的音樂正是從那裡傳來的。""李明毫不猶豫地轉身衝入巷弄，心中燃起一線希望，遠處的影子似乎也逐漸淡去。"
286,1,Guide11,u017,1,2025/3/17  15:39:51 AM,FALSE,5,你的回答不正確。正確答案是 3。,"""鬧鐘響起，仿佛是時間的提醒，讓李明更加焦慮，他知道時間不等人，追逐的陰影隨時可能奪走他的生命。""  
李明的心跳愈加急促，喘息聲在雨中顯得更加刺耳，恐懼的感覺讓他感到無路可逃。"
287,1,Guide10,u007,2,2025/3/17  15:39:51 AM,FALSE,6,您的回答不正確。第二回合後，C島上應該有5隻海狸。,"""街道泥濘不堪，行走猶如踩在陷阱上，任何一個跌倒都可能讓他們無法逃脫。冷風刺骨，仿佛在嘲笑他們的渺小與無助。"" 林宇和小凱心知，時間不多，必須找到安全之地。"
288,1,Guide11,u007,6,2025/3/17  15:39:59 AM,FALSE,7,您的回答不正確。根據問題描述，正確答案應是 '3'。,"""雨勢加大，街道變得更加滑溜，視線模糊不清，讓逃跑的路徑充滿不確定性。"" 林宇心中焦急，四周的景象彷彿在隨著急促的腳步聲而變得扭曲，他的每一步都如同踏在懸崖邊緣。"
289,1,Guide11,u017,2,2025/3/17  15:40:03 AM,FALSE,6,你的回答不正確。第二回合後，D島上應該有3隻海狸。,"""雨水漸漸加大，地面變得滑溜不堪，影響了李明的速度。他的腿在狂奔中越來越沉重，喘息聲中夾雜著絕望的窒息感，四周的黑暗似乎在悄悄吞噬他的希望。"""
290,1,Guide0,u014,13,2025/3/17  15:40:04 AM,TRUE,0,您的回答正確。,"""小婷突然發現前方有一條岔路，趕緊轉彎進入樹林，樹木茂密阻擋了追逐者的視線。她心中燃起一絲希望，拼命向深處躲藏，靜靜等待追兵的腳步遠去。"""
291,1,Guide11,u011,3,2025/3/17  15:40:04 AM,TRUE,8,使用者的回答與正確答案相符。,“前方隱約閃爍著暖光，彷彿是一間咖啡館的窗子。”心中一亮，年輕女子拼命加速，心中燃起希望。透過窗戶，她想象著溫暖的庇護，逃脫追逐的冷酷。
292,1,Guide7,u026,1,2025/3/17  15:40:05 AM,TRUE,0,使用者的回答正確。,"李明心中燃起一絲希望，""高陡的牆壁旁隱藏著一扇小門，或許是逃離的機會。""他的直覺告訴他，必須抓住這一瞬間，拼盡全力衝向那扇門，尋找一線生機。"
293,1,Guide4,u004,1,2025/3/17  15:40:06 AM,TRUE,1,您的回答是正確的。,李明終於鼓起勇氣，從窗戶偷瞄外面的情況，意外發現一輛巡邏警車正朝他所處的方向駛來，他心中燃起了希望，喃喃自語：“只要等警察來，我就能安全了。”
294,1,Guide14,u010,13,2025/3/17  15:40:07 AM,TRUE,4,使用者的回應正確，答案相符。,“巷弄的盡頭出現了一扇亮著微弱燈光的門，似乎通往安全的地方。”李明心中一震，奔向那扇門，決意不再回頭，背後的影子也逐漸被光芒吞噬。希望再度燃起。
295,1,Guide11,u037,3,2025/3/17  15:40:08 AM,TRUE,3,您的回答正確。,"""她推開門，進入一間漆黑的倉庫，藏身於堆積的箱子之間。耳邊的腳步聲漸漸遠去，她深吸一口氣，努力平息恐慌，心中默念著心跳的平靜。"""
296,1,Guide11,u007,4,2025/3/17  15:40:10 AM,FALSE,8,回答不正確，D 島上應有 3 隻海狸。,"""街道上的人潮稀少，只有雨水噼啪作響，讓林宇感到無比孤獨。"" 林宇心如燒炭，四周空蕩蕩的，惟有追逐的黑影在他心中揮之不去，逃亡的希望愈發渺茫。"
297,1,-1,u010,13,2025/3/17  15:40:10 AM,TRUE,4,,李明推開那扇微弱燈光閃爍的門，瞬間被溫暖的光芒包圍。裡面是一間小小的避難所，四周擺滿了陳舊的家具與書籍，卻彌漫著一股安心的氣息。他雙腿發軟，跌坐在沙發上，心頭的恐懼逐漸消散。窗外的霧氣仍在，但他知道，這裡是他短暫的庇護所，暫時脫離了黑暗的追逐，未來的希望又在心中悄然萌芽。
298,1,Guide13,u003,5,2025/3/17  15:40:11 AM,FALSE,6,你的回答不正確。第四回合抵達H島的海狸數應為8。,"""突然，一陣刺耳的警報聲響起，打破了寂靜，四周的燈光瞬間閃爍，照亮了隱藏在黑暗中的危險。王明心中一沉，明白了逃跑的路已被封鎖，他深吸一口氣，決定轉身對抗。"""
299,1,Guide2,u018,7,2025/3/17  15:40:17 AM,FALSE,2,您的回答不正確。正確答案為 3。,“潮濕滑溜的地面讓李明每一步都充滿危險，腳下的雜物隨時可能絆倒他。”他瞥見一扇半開的門，但恐懼與絕望讓他難以集中精力，唯有拼命向前。
300,1,Guide5,u004,3,2025/3/17  15:40:19 AM,TRUE,1,您的回答與正確答案匹配。,"李明忽然注意到小巷的牆上有一扇開著的門，心中一亮，""這是我的機會！""他毫不猶豫地轉身衝向那扇門，希望能躲避追趕，心中充滿了些許希望。"
301,1,Guide6,u009,1,2025/3/17  15:40:22 AM,TRUE,0,你的回答是正確的。,在黑暗的小巷中，李明聽到了一陣輕微的水流聲，他心中一亮，想到：“'水岸附近通常會有人，只要我能抵達那裡，也許能獲得幫助。'”他加快了腳步，朝著聲音的方向奔去。
302,1,Guide8,u026,2,2025/3/17  15:40:29 AM,TRUE,0,你的回答是正確的。,"""李明的耳中突然響起低語聲，那是隱藏在昏暗角落的路人，他們指引著他通往一條安全的通道。李明迅速轉身，心中燃起一絲勇氣，逼著自己加速向前衝去。"""
303,1,Guide12,u037,3,2025/3/17  15:40:44 AM,TRUE,3,你的回答正確。,"""她突然想起身上的手機，迅速撥打了報警電話，心中燃起一絲希望。倉庫裡的陰影讓她屏住呼吸，耳邊回蕩著警笛聲的回音，似乎就在不遠處。"""
304,1,Guide12,u011,3,2025/3/17  15:40:49 AM,TRUE,8,使用者的回應正確。,"""咖啡館的門口擺著一把遮雨的長椅，讓她得以喘息。""年輕女子撲通坐下，快速思考逃脫之道，手指緊緊抓住濕滑的雨傘，準備隨時衝進館內尋求安全。"
305,1,Guide13.1,u003,8,2025/3/17  15:40:51 AM,TRUE,6,你的回答是正確的！H島上的海狸總數是 8 隻。,"""就在此時，一輛警車突然出現在轉角，照亮了整條街道，驅散了黑暗中的恐懼。王明心中一陣欣喜，抓住機會奮力朝警車跑去，呼喊著尋求救援。"""
306,1,Guide11,u007,1,2025/3/17  15:40:53 AM,FALSE,9,您的回答不正確，D島上的海狸數量應為 3。,"""路面濕滑使得逃跑變得更加困難，林宇不斷滑倒，心中恐懼與焦慮交織，只能在黑影的逼近中加快步伐，無處可逃，絕望籠罩著他。"""
307,1,Guide12,u017,3,2025/3/17  15:40:55 AM,TRUE,6,您的回答正確。,"""突然，李明前方閃過一道微弱的光芒，像是希望的指引。他立刻轉向那方向，心中燃起一絲勇氣，抖動的腿也因此變得有力，他朝著那光明奔去。"""
308,1,Guide9,u026,4,2025/3/17  15:40:58 AM,FALSE,1,您的回應與正確答案不符，請再檢查並嘗試回答。,"""突然，前方出現了一道封閉的鐵門。""李明心中一緊，腳步瞬間減緩，慌亂之中，他的思緒急轉。追逐聲更近了，他能否找到其他出路，逃離這片絕望的黑暗？"
309,1,Guide13,u037,5,2025/3/17  15:41:06 AM,FALSE,4,你的答案和正確答案不符。請檢查你的計算過程。,"""巷子裡的回聲讓她無法確認追趕者的距離，潮濕的地面使她的腳步變得笨拙，緊張的情緒更是令她無法全神投入逃跑，感覺四周佈滿了危險的陰影。"""
310,1,Guide13,u011,5,2025/3/17  15:41:07 AM,FALSE,9,你的回答是 5，但問題的正確答案是 8。,"""咖啡館的窗戶緊閉，不僅隔絕了她的逃生之路，也讓她感到無處可去。""年輕女子心急如焚，腦海中只剩著那雙冰冷的眼睛，時間如同凝固，她渴望著任何能逃離的機會。"
311,1,Guide2,u018,4,2025/3/17  15:41:08 AM,FALSE,3,您的回答不正確，正確答案是 3。請檢查您的解題過程。,"李明的視線被陰影遮蔽，""黑暗中不斷變幻的環境讓他難以判斷方向，心中不安越加加劇，令逃脫變得更加艱難。""他只能依靠本能，拼命掙扎。"
312,1,Guide7,u009,1,2025/3/17  15:41:08 AM,TRUE,0,您的回答是正確的。,“就在李明即將絕望之際，他注意到前方有一扇打開的窗戶，透出微弱的燈光。”他急忙奔向那扇窗戶，希望能躲避追擊者，並找到一絲逃生的可能。
313,1,Guide9,u026,0,2025/3/17  15:41:09 AM,FALSE,2,您的回答錯誤，請再試一次。,"""周圍的街道錯綜複雜，李明無法確定方向。""在瞬息萬變的黑暗中，他感到迷失，追逐聲在耳邊迴響，焦慮加劇。每一步都充滿危險，時間迫在眉睫，他必須迅速找到出路。"
314,1,Guide14,u003,13,2025/3/17  15:41:11 AM,TRUE,6,回答正確！,"""警察迅速下車，手電筒的光束掃過街道，明亮的光芒將陰影驅散。王明感受到安全的希望，拼命奔向警察，心中漸漸重燃勇氣，提醒自己，逃離恐懼的時刻來臨了。"""
315,1,Guide12,u007,7,2025/3/17  15:41:13 AM,FALSE,10,您提供的回應不正確，請再檢查您的解答過程。,"""周遭的人潮稀疏，使得林宇的呼救聲淹沒在雨聲中。""他心中明白，這個時刻，沒有任何人能夠幫助他，只有那逼近的黑影在追逐著他，令人窒息的孤獨感讓他愈加絕望。"
316,1,Guide12,u007,7,2025/3/17  15:41:17 AM,FALSE,10,,林宇的心如同狂風怒號，他拼命逃竄，卻在一個拐角處絆倒，摔倒在冰冷的水灘上。就在他試圖站起的瞬間，黑影掠過，帶著令人窒息的恐懼，將他死死攥住。忽然，周圍的城市燈光在他眼中變得模糊，星星般的雨滴像是將他推向深淵。他感受到一股無法抵抗的力量撲來，心中瞬間湧現絕望的颶風，最終將他拖向未知的黑暗深淵。
317,1,Guide2,u029,3,2025/3/17  15:41:17 AM,TRUE,0,你的回答是正確的。,"""一陣突如其來的聲音吸引了黑影的注意，林志偉立刻趁機向另一條巷子潛行躲避，心中彷彿重獲新生，迅速搜尋著逃脫的路徑。"""
318,1,Guide9,u026,3,2025/3/17  15:41:20 AM,TRUE,2,使用者的回答與正確答案相符。,"""突然，李明看到前方一扇微微開啟的門，透出微弱的光線。"" 他心中一亮，迅速朝著那道光跑去，似乎找到了逃離的希望，心中的恐懼稍稍減輕，步伐也變得穩定了一些。"
319,1,-1,u003,13,2025/3/17  15:41:21 AM,TRUE,6,,王明跌跌撞撞地跑到警察身邊，喘息著將剛才的恐懼訴說了出來。警察立刻展現出專業的冷靜，指揮其他人搜尋四周。隨著光束的延展，陰影逐漸淡去，王明的心也漸漸沉澱。雖然夜色依然籠罩，但他知道，不再需要獨自面對那股恐懼，安全就在眼前。他感受到夜風的涼爽，心中暗自發誓，今後必須更加堅強，勇敢地迎接每一個挑戰。
320,1,Guide13.1,u011,8,2025/3/17  15:41:29 AM,TRUE,9,您的回答是正確的。,"""突然，樹影間閃過一絲光亮，似乎有個逃生的出口隱藏在眼前。""年輕女子瞬間感受到希望，鼓起勇氣向那道光奔去，心中燃起一股逃脫的信念。"
321,1,Guide10,u026,0,2025/3/17  15:41:35 AM,FALSE,3,您的回答不正確，正確答案是5。,“門後似乎隱藏著未知的危險。”李明雖然心存希望，但內心的懷疑讓他加快腳步。剎那間，他意識到這扇門可能是逃生的出口，也可能是更深的絕望。絕不能停下來！
322,1,Guide3,u029,4,2025/3/17  15:41:39 AM,TRUE,0,使用者回應和正確答案相符。,"""就在林志偉轉身的瞬間，一輛出租車停在巷口，發出明亮的燈光。"" 感受到這道光，他迅速奔向車輛，心中的恐懼稍稍平息，眼前的希望讓他全力以赴。"
323,1,Guide13,u037,1,2025/3/17  15:41:42 AM,FALSE,5,您的答案不符合正確答案，請檢查計算過程是否正確。,"""巷子裡的低矮建築使得逃跑的路線狹窄，無法尋找掩護，她的方向感也因焦慮而模糊，彷彿每一步都在加速迎向絕境。"""
324,1,Guide8,u009,2,2025/3/17  15:41:44 AM,TRUE,0,您的回答是正確的，第二回合後，G島的海狸確實有2隻。,“窗戶邊擺放著一張舊書桌，李明迅速躲進桌子下，屏住呼吸，手心握緊一把生銹的剪刀，準備面對即將來臨的威脅。”
325,1,Guide13,u017,5,2025/3/17  15:41:45 AM,FALSE,7,使用者的回答與正確答案不符。請檢查回答是否正確或解題過程是否有錯誤。,"""路面濕滑，李明不慎踩到了水窪，腳下一滑，幾乎摔倒，這使他心中的恐懼再度加劇，後方的腳步聲卻毫不留情地逼近，讓他感到逃脫的希望渺茫。"""
326,1,Guide4,u029,1,2025/3/17  15:41:59 AM,TRUE,0,您的回答是正確的。,"""出租車司機注意到了林志偉的慌張，急忙按下喇叭，呼喚他上車。"" 林志偉心中的恐懼瞬間轉化為希望，迅速拉開車門，跳了進去，感受到安全感的暖流包圍著他。"
327,1,Guide0,u002,11,2025/3/17  15:41:59 AM,FALSE,0,你的回答不正確，正確答案是 13。,"""大雨突然傾盆而下，街道瞬間變得濕滑且難以行走，李明的每一步都顯得更加艱難，心中的恐懼與焦慮也隨之加深，似乎逃離的機會正在悄然縮小。"""
328,1,Guide11,u026,1,2025/3/17  15:41:59 AM,FALSE,4,您的回答與正確答案不符。請再檢查問題和您的解題過程。,"""巷弄的轉角隨時可能出現更兇狠的追兵。""李明心中一緊，迫切的神經告訴他，隨著每一步深入黑暗，小巷卻如同無盡的迷宮，讓逃脫的希望愈發渺茫。"
329,1,Guide13,u037,8,2025/3/17  15:42:02 AM,TRUE,5,你的回答是正確的。,"""突然，巷口亮起了明亮的燈光，一輛出租車正好駛過。她心中一亮，急忙揮手，打算搭車逃離這個恐怖的地方。"""
330,1,Guide14,u011,13,2025/3/17  15:42:04 AM,TRUE,9,你的回答正確。,"""那道光在風中閃爍，隱隱透出溫暖的氣息，似乎承載著某種力量。""年輕女子心中的恐懼稍稍減緩，雙腿如同注入了新生，快步向前，渴望逃離這令人窒息的黑暗。"
331,1,Guide9,u009,3,2025/3/17  15:42:07 AM,TRUE,0,你的回答是正確的，符合正確答案的要求。,“李明突然想到，書桌上有一個隱藏的出口。”他緊緊握著剪刀，心中燃起一絲希望，迅速探索書桌的底部，找到了一個狹小的通道，於是他趕緊低身逃入其中，躲避那逼近的腳步聲。
332,1,-1,u011,13,2025/3/17  15:42:08 AM,TRUE,9,,她不顧一切地衝向前方，終於在巷口看見一扇微微敞開的門。心臟劇烈跳動，卻也帶著一絲希望。她推開門，回頭卻再未見那雙冰冷的眼睛。內心的懸吊逐漸放下，四周的溫暖包圍著她，像是重新獲得的庇護。她知道，無論如何，這場追逐已結束，明天的光芒將重新照亮她的生活。
333,1,Guide6,u004,1,2025/3/17  15:42:10 AM,TRUE,1,您的回答是正確的！,李明推開門，裡面是一間幽暗的倉庫，堆滿了雜物。他快速躲進一旁的陰影中，深吸一口氣，心中默念：“'也許這裡可以暫時安全'。”耳邊的腳步聲逐漸趨近，他的緊張卻瞬間減輕。
334,1,Guide5,u029,3,2025/3/17  15:42:12 AM,TRUE,0,你的回答是正確的！,"""出租車司機迅速啟動，引擎的轟鳴聲打破了幽暗的夜晚，讓林志偉隨著車子的加速感受到一絲安心。他銳利的目光透過後視鏡，緊盯著黑影逐漸遠離的身影。"""
335,1,Guide14,u037,13,2025/3/17  15:42:17 AM,TRUE,5,您的回答與正確答案匹配。,"""就在她揮手的瞬間，車燈照亮了巷子，驚訝地發現轉角處駐足的幾名人影。他們目光聚焦，似乎對追趕者心存懷疑，這給她帶來一絲希望，讓她更有勇氣朝著光亮奔去。"""
336,1,-1,u037,13,2025/3/17  15:42:20 AM,TRUE,5,,年輕女子拼命衝向燈光，心中那絲希望越來越強烈。轉角的幾名人影看到她狼狽的模樣，立即朝她跑來，吵鬧的腳步聲驅散了黑暗的恐懼。她跌進他們的懷抱，驚慌地告訴他們追趕者的情況。人群迅速組成防線，轉瞬之間面對那個陰影般的身影。女子的心逐漸平靜，終於明白，在這座陰暗的都市中，並不是所有人都是敵人。
337,1,Guide7,u004,1,2025/3/17  15:42:25 AM,TRUE,1,你的回答是正確的。,李明驚覺倉庫內有一扇小窗，他立即朝窗戶奔去，心中默念：“'這是唯一的出口'。”在微弱的光線中，他撲上前，試圖打開窗戶，期望能逃離這緊迫的危險。
338,1,Guide10,u009,0,2025/3/17  15:42:31 AM,FALSE,1,你的答案不正確，請檢查你的計算過程。,"""狹小的通道中，空氣悶熱，令李明的呼吸更加急促。他感覺到了壓迫感，身後的腳步聲越來越近，彷彿隨時都會將他抓住，讓他更加絕望。"""
339,1,Guide6,u029,1,2025/3/17  15:42:31 AM,TRUE,0,您的回答正確。,"林志偉心中一陣閃念，""前方有燈光的咖啡館，或許能暫時躲避這個黑影。"" 他深吸一口氣，鼓起勇氣，迅速朝著咖啡館跑去，心中期待著安全感的到來。"
340,1,Guide11,u026,4,2025/3/17  15:42:34 AM,FALSE,5,您的回答不正確，請再試一次。,"""街道的燈光忽明忽暗，讓李明的視線變得模糊不清。""他匆忙穿梭於黑暗中，心中彷彿有無數的影子在追逐，隨時可能被限制逃脫的路徑淹沒在恐懼裡。"
341,1,Guide8,u004,2,2025/3/17  15:42:39 AM,TRUE,1,回答正確！,李明在拼命掙扎中，慶幸地發現小窗戶並不是鎖住的。“'這是唯一的出口'”他心中默念，迅速打開窗戶，借著霓虹燈的光輝，他敏捷地跳了出去，逃離了追擊者的魔掌。
342,1,Guide13,u017,3,2025/3/17  15:42:50 AM,FALSE,8,您的回答不正確。正確答案是8。,"""周圍的建築物高聳森然，無法找到逃生的路徑，李明的心中越發絕望。""他沿著街道狂奔，卻發現四周都是無盡的黑暗，逃脫的希望似乎正在一點一滴地被吞噬。"
343,1,Guide9,u004,4,2025/3/17  15:42:53 AM,FALSE,2,您的答案是 4，而正確答案是 3。請重新檢查解題過程。,李明剛跳出窗戶，卻發現“外面正下著淅淅細雨”，地面濕滑，讓他的腳步變得不穩。他心中一緊，擔心追擊者是否會因此更快追上來。他深吸一口氣，努力保持冷靜。
344,1,Guide2.1,u018,是,2025/3/17  15:43:02 AM,TRUE,3,您提供的回答正確。,"李明突然注意到牆角有一扇微微開啟的窗戶，""那是唯一的希望，他鼓起勇氣，猛衝向窗戶，渴望逃離這無盡的黑暗與恐懼。"""
345,1,Guide7,u029,2,2025/3/17  15:43:03 AM,FALSE,1,你的回答不對。正確答案是 1。,"""雨水不斷加大，視線變得模糊，再加上咖啡館人潮稀少，這一切都讓志偉感到更加不安。""林志偉心中慌亂，他知道自己必須更快進入咖啡館，否則可能隨時被黑影追上。"
346,1,Guide10,u009,1,2025/3/17  15:43:03 AM,FALSE,2,你的回答是 1，但正確答案是 5。,在霧氣瀰漫的夜晚，李明身處古老城鎮，四周的“狹小巷弄令他無法迅速逃脫”。隨著緊迫的腳步聲逼近，他的心中升起一陣恐慌，彷彿每個轉角都可能是死路。
347,1,Guide10,u009,4,2025/3/17  15:43:28 AM,FALSE,3,回答錯誤。正確答案是 5。,“街道狹窄且滿佈殘破的障礙物，無法迅速避開追擊。”李明感覺到自己正被困在一個死胡同，驚恐的腳步聲在耳邊回響，令他更加絕望。
348,1,Guide0,u006,13,2025/3/17  15:43:30 AM,TRUE,0,使用者的回答與正確答案相符。,"""突然，陳明看到前方的巷口閃爍著微弱的燈光，他心中一亮，加快步伐向那裡衝去。希望的曙光似乎在前方等著他，迫切地想要擺脫身後的威脅。"""
349,1,Guide13,u017,6,2025/3/17  15:43:35 AM,FALSE,9,您的回答不正確，請檢查並嘗試再次計算。,"""雨水將街道變得滑溜，李明每一步都變得艱難，不斷的喘息讓他的體力逐漸耗盡，恐懼的陰影卻依然緊追不捨，前路似乎無法逃脫。"""
350,1,Guide7,u029,2,2025/3/17  15:43:39 AM,FALSE,2,你的答案是錯誤的。第二回合後，F島上的海狸應該是 1 隻。,"""周圍的巷弄錯綜複雜，雨水沖刷著街道，增加了他的滑倒危險。""林志偉心中清楚，若繼續躲藏，黑影很可能會察覺他的行蹤，而自己卻難以逃脫。恐懼的感覺如影隨形。"
351,1,Guide11,u009,1,2025/3/17  15:43:44 AM,FALSE,4,使用者的回答不符合正確答案。請再檢查解題過程或重試。,"""夜色中，潮濕的空氣讓李明的衣服緊貼肌膚，呼吸困難，影響他的逃跑速度。"" 他在狹窄的巷弄中四處張望，心中暗想，時間不等人，必須找到出路才能逃離這可怕的局面。"
352,1,Guide11,u026,3,2025/3/17  15:43:48 AM,TRUE,5,你的回答正確。,"""突然，前方的巷子閃爍著微弱的燈光，像是一道希望的曙光。"" 李明心中一振，立刻改變方向，奔向那道光芒，或許那是他逃脫的唯一出口。"
353,1,Guide7,u029,1,2025/3/17  15:43:50 AM,TRUE,2,您的回答正確。,"""突然，他的手機震動了一下，屏幕上顯示出好友的消息，提醒他趕緊尋找安全的地方。""林志偉心中一震，這成為他逃脫的契機，於是鼓起勇氣，快速朝著另一個方向奔去。"
354,1,Guide11,u009,0,2025/3/17  15:44:02 AM,FALSE,5,請再檢查您的計算，第二回合後 D 島上的海狸數量應該為 3 隻。,"""巷弄中的積水讓他的腳步變得沉重，滑倒的風險隨著急促的逃跑而增加。""李明心急如焚，唯恐一失足便會被追上的黑影吞噬，他拼命控制著每一步，眼中透露出絕望的光芒。"
355,1,Guide12,u026,4,2025/3/17  15:44:09 AM,FALSE,6,您的回答不正確，請再檢查題目要求及計算過程。,"""就在李明快要抵達那微弱燈光的瞬間，一陣刺耳的警報聲響起，打破了夜的寧靜。他心中一凜，知道這樣的聲音恐怕會引來更多的追擊者，逃生之路更加艱難。"""
356,1,Guide8,u029,2,2025/3/17  15:44:14 AM,TRUE,2,回答正確，您的回答與正確答案意思相符。,"""就在此時，一輛計程車駛過，他舉手攔下，心中燃起一絲希望。""林志偉迅速跳上車，關上車門的瞬間，緊繃的心情稍稍放鬆，外面的黑影漸漸遠去。"
357,1,Guide9,u004,3,2025/3/17  15:44:21 AM,TRUE,2,使用者的回答與正確答案相符。,"""轉角處有一輛停著的摩托車，李明心中一亮，迅速奔向它，拎起頭盔，啟動引擎的瞬間，那股冰冷的恐懼似乎被引擎的轟鳴驅散了些許。"""
358,1,Guide12.1,u026,3,2025/3/17  15:44:25 AM,TRUE,6,您的回答是正確的。,"""就在李明絕望之際，他突然注意到旁邊的一扇鐵門微微開啟。心中燃起一絲希望，他迅速轉身衝進去，關上門，屏住呼吸，聽著外面的追逐聲漸漸遠去。"""
359,1,Guide11,u009,2,2025/3/17  15:44:30 AM,FALSE,6,使用者回答與正確答案不符。,"""四周的霧氣不停盤旋，視線模糊讓他無法辨識方向。""李明在這迷惘的環境中感受到無形的恐懼，心頭的焦慮更是加劇，甚至連逃亡的路徑也變得更加曲折與不確定。"
360,1,Guide10,u004,5,2025/3/17  15:44:44 AM,TRUE,2,您的回答正確。,李明在摩托車上迅速反應，心中默念：“加速就是最好的逃脫。”他全力壓下油門，摩托車如箭一般射出，後方的追趕聲漸漸遠去，心中的恐懼逐漸被希望取而代之。
361,1,Guide9,u029,3,2025/3/17  15:44:48 AM,TRUE,2,使用者回應與正確答案相符，回答正確。,"""計程車司機是一位熱心的中年人，察覺志偉的異樣，迅速啟動引擎，加速駛離。志偉感受到一絲安全，心中的恐懼漸漸淡去，期待能在這個瞬間逃離陰影的追趕。"""
362,1,Guide11,u004,3,2025/3/17  15:45:00 AM,TRUE,2,正確答案！第二回合後，D島上有 3 隻海狸。,李明的心中浮現出“人行道的出口就在前方！”的念頭，他加速穿過小巷，耳邊風聲呼呼作響，追趕者的聲音漸漸模糊。他隱約看見前方亮光，信心重燃，似乎希望就在眼前。
363,1,Guide13,u026,8,2025/3/17  15:45:05 AM,TRUE,6,你的回答正確，H島上有8隻海狸。,"李明心中一緊，聽見門外的腳步聲停下。他靜靜地觀察四周，發現牆角有一扇小窗戶，剛好足夠讓他擠過去。他心中一亮，""這是我逃出的機會！""他迅速朝窗戶移動。"
364,1,Guide2,u002,1,2025/3/17  15:45:15 AM,FALSE,1,使用者的回答與正確答案不匹配。請再檢查您的計算和解題過程。,“突然的雷聲讓李明心中更加慌亂，四周的視野瞬間模糊，路燈在雨中顯得微弱無力。再加上積水潑潑而來的障礙，他的逃路似乎越來越窄。”
365,1,Guide13.1,u017,8,2025/3/17  15:45:16 AM,TRUE,9,您的回答是正確的。,“突然，李明注意到前方的巷子有一扇開著的門，心中燃起一絲希望。他毫不猶豫地轉身衝向那扇門，或許這是逃脫追擊的唯一機會。”
366,1,Guide10,u029,0,2025/3/17  15:45:16 AM,FALSE,3,您的回答不正確。正確答案是 5。,"""突如其來的擴音器聲響劃破了夜晚，宣告著警方在附近巡邏。"" 志偉的心中瞬間湧起不安，急促的腳步聲隨之更加明顯，轉瞬之間，他的逃脫計劃被打亂，恐懼重新籠罩著他。"
367,1,Guide14,u026,13,2025/3/17  15:45:17 AM,TRUE,6,您的回答正確。,"""李明深吸一口氣，鼓起勇氣，迅速朝窗戶爬去。"" 他努力地撐起身體，感受到窗框的冰冷，但心中燃起一絲希望。若能穿越這個狹小的通道，他就能逃脫追逐的陰影。"
368,1,Guide3,u018,4,2025/3/17  15:45:18 AM,TRUE,3,您的回答正確，B島有4隻海狸。,李明在接近窗戶時，無意間踢翻了旁邊的木箱，發出巨大的聲響，讓追趕他的腳步聲暫時停頓。他抓住這個短暫的機會，迅速滑進了窗戶，逃入外面的光明世界。
369,1,Guide12,u009,3,2025/3/17  15:45:20 AM,TRUE,6,您的回答正確。,"""突然，一道微弱的光線閃現，李明瞥見巷口的一扇窗戶微微開啟。""這一線希望讓他燃起了勇氣，再次鼓起力氣向光明的方向奔跑，心中暗自許下逃出生天的決心。"
370,1,-1,u026,13,2025/3/17  15:45:21 AM,TRUE,6,,李明終於撐過窗戶，曲膝一躍，跌入一片陽光照耀的空地。他驚魂未定，四周的寧靜讓他稍感放鬆。回頭望去，陰影已不再追逐，他的心跳慢慢平息，涼風裡混合著朝陽的溫暖。他知道，儘管過去的恐懼猶在，但他終於逃離了那個如夢魘般的巷弄，未來的路依然在等待他去探索。信心重新點燃，李明決定不再回首。
371,1,Guide2,u002,2,2025/3/17  15:45:27 AM,FALSE,2,你的回答不正確。正確答案是3。,"""人行道上的積水成為李明逃命的絆腳石，腳步變得沉重，讓他時不時滑倒，增加了被追逐的風險。""此時的他心中充滿了恐懼，唯有拼命向前。"
372,1,Guide2,u002,3,2025/3/17  15:45:36 AM,TRUE,2,您的回答正確。,"""突如其來的雷聲劈裂了空氣，照亮了街道，一瞬間，李明看到前方的出口。他心中涌起一股力量，快速朝著希望的方向衝去，腳步變得輕快，勇氣驅散了黑暗中的恐懼。"""
373,1,Guide11,u029,0,2025/3/17  15:45:38 AM,FALSE,4,您的回答不符合正確答案。,"""天色漸暗，人潮稀少，逃逸的道路被密集的巷弄阻隔。"" 志偉四處張望，四周靜謐而詭異，心中焦慮加劇，深怕隨時會有黑影出現，讓他的逃脫變得更加困難。"
374,1,Guide11,u029,1,2025/3/17  15:45:48 AM,FALSE,5,答案不正確。請再試一次。,“巷弄中的回聲讓志偉無法分辨前方的動靜。”當他藏身在角落，心裡卻不斷迴響著不祥的預感，無法分清腳步聲是追來者還是自己的緊張心跳，四周的寂靜令他更加恐懼。
375,1,Guide13,u009,8,2025/3/17  15:45:55 AM,TRUE,6,你的回答正確，抵達H島的海狸數為8隻。,"""李明突然注意到街角的垃圾箱旁有一個黑影蹲伏，似乎在守候著什麼。他心中一緊，迅速調整方向，藉著陰影的掩護，悄悄繞過街口，朝窗戶的方向潛行而去。"""
376,1,Guide14,u017,13,2025/3/17  15:45:56 AM,TRUE,9,您的答案與正確答案相符。,"""門內透出微弱的燈光，李明心中一陣激動，迅速衝進去。""進入後，他發現裡面是一間老舊的倉庫，四周充滿了堆放的箱子和陰影，或許可以隱藏身形，等待追蹤者的離去。"
377,1,Guide11,u029,2,2025/3/17  15:45:59 AM,FALSE,6,您回答的數量不正確，請再檢查題目要求。,"""突如其來的陣風讓雨勢更猛，水面泛起波紋，發出輕微的水聲，恰如志偉心中的惶恐。他膽戰心驚，腳步聲似乎在巷弄中迴響，令他不知該往哪裡逃避，恐懼愈加加深。"""
378,1,-1,u017,13,2025/3/17  15:46:00 AM,TRUE,9,,李明在倉庫的陰影中屏住呼吸，心跳漸漸平息。外面的腳步聲逐漸遠去，他小心翼翼地爬出箱子後，透過破舊的窗戶觀察四周。幸運的是，夜色掩護著他，沒有追蹤者的身影。他鼓起勇氣，悄然推開倉庫的門，決定不再停留，朝著數不清的街道逃去，心中默念著自由終將來臨。雨依然下著，但他感受到一絲重生的希望。
379,1,Guide3,u002,4,2025/3/17  15:46:06 AM,TRUE,2,您的回答是正確的。,"""突然，一道閃電照亮了前方的巷弄，李明看見一扇半開的門。他毫不猶豫地衝了過去，心中燃起一絲希望，期待能在暗影中找到一絲安全的庇護。"""
380,1,Guide14,u009,13,2025/3/17  15:46:18 AM,TRUE,6,你的回答是正確的，H島上的海狸數量確實是13。,"""就在李明轉過街角時，耳邊突然傳來一陣低沉的犬吠聲，令追蹤者稍作遲疑。"" 他心中一喜，趁著這短暫的機會，快速向附近的一棟老房子奔去，望著黑暗中的門口，他心中燃起一絲希望。"
381,1,-1,u009,13,2025/3/17  15:46:21 AM,TRUE,6,,李明急匆匆地推開老房子的門，隨即關上了厚重的木門，屏息靜候。他緊貼著冰冷的牆面，耳邊的犬吠聲漸漸減弱，追蹤者似乎被他的巧妙躲藏迷惑，無法再找到他。房內籠罩著陰暗的氣息，微弱的月光透過窗縫灑落，他的心逐漸平靜下來。雖然恐懼尚未完全退去，但他知道，這一夜，他暫時逃脫了命運的追逐。
382,1,Guide4,u002,1,2025/3/17  15:46:24 AM,TRUE,2,您的回答正確。,"""就在李明進入門內的瞬間，他發現裡面有一扇小窗，透出微弱的光芒，讓他心中燃起一絲勇氣。他知道，這或許是他逃離黑暗的唯一機會。"""
383,1,Guide12,u029,3,2025/3/17  15:46:25 AM,TRUE,6,您的回答是正確的。,"""就在此時，志偉的手機震動了，來自好友的訊息打斷了他的恐懼，讓他冷靜下來。隨即，他決定往另一條小巷逃向安全的地方，心中重新燃起一絲希望。"""
384,1,Guide5,u002,3,2025/3/17  15:46:37 AM,TRUE,2,你的回答正確。,"""李明鼓起勇氣，向窗邊衝去，瞬間感受到一股溫暖的光芒彷彿在呼喚他。他用力推開窗戶，隨即感受到一絲自由的氣息，心中重新點燃希望，決心全力逃出困境。"""
385,1,Guide4,u018,1,2025/3/17  15:46:51 AM,TRUE,3,使用者的回答符合正確答案。,「窗外的陽光刺眼，卻也給了李明一絲希望。他迅速奔向開闊的街道，耳邊的脚步聲漸漸淡去，心中的恐懼稍稍减弱，勇氣重新燃起，讓他更快地逃離。」
386,1,Guide13,u029,5,2025/3/17  15:46:52 AM,FALSE,7,您的回答不正確。根據問題，正確答案應為 8。請檢查您的計算過程或上下文理解。,"""就在志偉準備轉身時，突如其來的雷聲驚響，讓他神經更加緊繃。同時，地面積水成災，讓他的每一步都變得更加艱難，恐懼再次籠罩了他的心頭。"""
387,1,Guide6,u002,1,2025/3/17  15:46:58 AM,TRUE,2,使用者回答正確。,"""就在李明即將絕望之際，前方出現一扇明亮的門。他看見裡面的人影與溫暖的光芒如同庇護所，心中燃起希望，告訴自己要全力以赴，向那扇門奔去。"""
388,1,Guide5,u018,3,2025/3/17  15:47:07 AM,TRUE,3,回答正確。,"李明遠遠望見一扇半開的門，門後透出微弱的光線。他心中一陣激動，嘴角勾起一抹微笑，""這是我逃脫的機會！""他加快了腳步，直奔那道光亮而去。"
389,1,Guide12,u004,3,2025/3/17  15:47:13 AM,TRUE,2,您的回答正確。,李明心中出現一絲思念：“要是有朋友在身邊就好了。”這瞬間的念頭讓他想起過去的回憶，拼命地加速，藉著這股勇氣，他的腳步愈發輕盈，向著光明的出口衝去。
390,1,Guide13,u029,8,2025/3/17  15:47:14 AM,TRUE,7,您的回答是正確的。,"""就在這時，街角的咖啡館燈光閃爍，志偉心中一亮，立刻朝那方向奔去。迷人的音樂與溫暖的氛圍吸引著他，讓他暫時忘卻背後的恐懼，快速靠近了安全的庇護所。"""
391,1,Guide7,u002,2,2025/3/17  15:47:15 AM,FALSE,3,使用者回答的數量和正確答案不符。請檢查您的計算過程。,"李明迅速接近光芒，但突然一陣猛烈的風將他推倒，""雖然希望在前，但他卻被雜物絆倒，身後的腳步聲愈加接近，似乎想要將他吞噬。"""
392,1,Guide14,u029,13,2025/3/17  15:47:30 AM,TRUE,7,您的回答正確。,"""咖啡館的音樂漸漸變得清晰，裡面的人聲交談讓志偉感到安心。他快速推開門，瞬間感受到一股暖流包圍著他，與外面的陰暗形成鮮明對比，讓他得以喘息並暫時擺脫追趕者的威脅。"""
393,1,Guide8,u002,2,2025/3/17  15:47:35 AM,TRUE,3,您的回答正確。,"""就在李明快要絆倒時，他的手觸碰到一扇開著的門，理智告訴他迅速躲進去。門後是個狹小的倉庫，傾斜的黑暗中似乎能隱藏他的一絲希望。"""
394,1,-1,u029,13,2025/3/17  15:47:37 AM,TRUE,7,,志偉坐在咖啡館的角落，手捧著熱騰騰的咖啡，心中的恐懼漸漸消散。他望著窗外的雨幕，朦朧的城市如夢似幻，讓他感到一絲平靜。回想剛才的驚險，他的心跳仍然不時加速，卻也明白，這份恍惚的逃避讓他重新檢視生活的脆弱。在燈光下，他下定決心，無論前方有何挑戰，他都會勇敢面對。
395,1,Guide9,u002,4,2025/3/17  15:47:52 AM,FALSE,4,你的回應不符合正確答案。,"""倉庫本是藏身之地，但門外的腳步聲逼近，隨之而來的是一陣濃厚的酒精味，令人頭暈目眩，讓李明的逃亡計劃陷入更深的危機。"""
396,1,Guide6,u018,1,2025/3/17  15:47:52 AM,TRUE,3,您的回答正確。,“門後的光線似乎充滿希望，李明心中暗自鼓勵，回頭不再聽見腳步聲。他深吸一口氣，迅速推開那扇門，並一躍而出，胸膛逐漸平靜，逃生的希望重燃。”
397,1,Guide9,u002,0,2025/3/17  15:48:16 AM,FALSE,5,回應錯誤。您回答的數量不正確，請重新檢查您的計算過程。,"""街道上的濕滑積水讓每一步變得更加艱難，李明的腳步聲在空曠的街道上格外響亮，似乎更容易被追蹤。他心中焦急，無法專心思考逃生的路徑。"""
398,1,Guide7,u018,2,2025/3/17  15:48:17 AM,FALSE,4,答案不正確，請再試一次。第二回合後，F島上的海狸應該是 1 隻。,"""就在李明以為安全的時候，倉庫的另一道門突然關閉，發出刺耳的聲響，讓他再次陷入恐慌。四周的陰影彷彿越來越擁擠，絕望感再次籠罩著他。"""
399,1,Guide9,u002,3,2025/3/17  15:48:34 AM,TRUE,5,答案正確，您回答了 '3' 並且與正確答案匹配。,"""忽然，李明的目光定格在街角一扇微微開啟的門。他心中一震，迅速朝那扇門衝去，心中燃起一線希望，希望能在裡面躲避追擊者的目光。"""
400,1,Guide13,u004,8,2025/3/17  15:48:48 AM,TRUE,2,你的回答正確。,“突然，他的手機響起，是好友的來電。”李明心中一震，仿佛獲得了勇氣，他迅速接聽，告訴好友自己目前的危險。朋友的鼓勵讓他重新燃起希望，腿部的疲憊感似乎也減輕了。
401,1,Guide10,u002,0,2025/3/17  15:49:05 AM,FALSE,6,答案不正確，請重新檢查您的解答過程。,「門後似乎傳來低語聲，讓李明心中一寒。」他猶豫了片刻，恐懼與好奇交織，這扇門究竟是生的希望還是死的陷阱，讓他在逃亡的瞬間，陷入更深的抉擇之中。
402,1,Guide11,u002,3,2025/3/17  15:49:21 AM,TRUE,6,使用者的回答正確。,李明忽然注意到路邊的巷子，心中生起一線希望，他立刻轉身進入，屏息躲避。那裡的黑暗似乎能暫時遮蔽追逐者的視線，也許可以找到逃出生天的契機。
403,1,Guide14,u004,13,2025/3/17  15:49:28 AM,TRUE,2,你的回答是正確的。,李明的眼前閃過一道燈光，'一輛出租車突然駛來，車窗搖下，司機詢問他是否需要搭載。' 他毫不猶豫地飛奔過去，快速跳上車，心中湧現出一絲安全感。
404,1,-1,u004,13,2025/3/17  15:49:32 AM,TRUE,2,,出租車一路疾駛，李明透過後視鏡看到那個高大的身影在街道上停下，無法再追上。他的心跳逐漸平息，汗水濕透了襯衫，腦海中依然回蕩著恐懼的回聲。司機問他要去哪裡，李明勉強擠出一個微笑，告訴他前往最近的酒吧。他想在那裡暫時躲避，平復心情，並思考下一步該如何面對那暗影般的恐懼。夜色仍然深沉，但他的心中多了一絲光亮。
405,1,Guide12,u002,5,2025/3/17  15:49:57 AM,FALSE,7,您的回答不正確，請再檢查您的解題過程。,李明剛進入巷子，卻聽見“巷口傳來低沉的咆哮聲”，心中瞬間驚慌。追逐者似乎也已經察覺，無路可退的他不得不在陰影中靜靜等待命運的降臨。
406,1,Guide12,u002,4,2025/3/17  15:50:20 AM,FALSE,8,您的回答是 4，但正確答案是 3。,"""巷子裡的垃圾堆積如山，發出刺鼻的氣味，讓李明瞻前顧後，無法專心逃亡。"" 他猶豫著，心中擔憂是否會因此被追逐者發現，逃生的路越發渺茫。"
407,1,Guide0,u018,13,2025/3/17  15:50:28 AM,TRUE,0,使用者提供的答案正確。,"""就在這時，林曉發現一扇未關的倉庫門，她迅速轉身衝進去，裡頭的黑暗如同她的恐懼，卻也提供了一絲隱蔽的安全感。她屏住呼吸，靜靜等待追趕者的腳步遠去。"""
408,1,Guide12,u002,7,2025/3/17  15:51:10 AM,FALSE,9,你的回答是 7，但正確答案是 3。請檢查你的計算過程並嘗試重新回答。,"""街道上偶爾閃現的車輛燈光，讓李明的身影暴露在夜幕中，猶如一隻待捕的獵物。他的心中充滿焦慮，這一刻或許就是他逃離的最後機會。"""
409,1,Guide12.1,u002,9,2025/3/17  15:51:24 AM,FALSE,10,你的回答與正確答案不符。正確答案是 3，請檢查海狸的總數計算。,"""突如其來的暴雨讓街道變得濕滑不堪，李明的腳步變得沉重，無法全速逃跑。""他心中一緊，感受到追逐者的逼近，雨水與黑暗交織，恐懼越發加深。"
410,1,Guide12.1,u002,9,2025/3/17  15:51:28 AM,FALSE,10,,李明的心中似乎要爆炸了，逃亡的希望在瞬間破滅。猛然間，背後的影子如猛獸般撲來，他感受到那冰冷的手掌緊緊攫住他的肩膀，恍若死神的親吻。狂風呼嘯，雨水如利刃般劈打在他臉上，無情地沖刷著他的掙扎。那雙陰暗的眼睛透著絕望，將李明的恐懼完全吞噬，他無法再逃離，黑暗最終將他徹底圈住，絕望的低語交織在風中，隨著夜幕籠罩而去。
411,1,Guide0,u033,10,2025/3/17  15:58:00 AM,FALSE,0,您的回答與正確答案不符，請檢查您的計算過程。,"""街道上斑駁的陰影和不斷閃爍的街燈，讓小艾的路徑變得更加混亂不明，無法判斷逃跑的方向，心中更添恐慌。"""
412,1,Guide2,u033,3,2025/3/17  15:59:29 AM,TRUE,0,您的回答是正確的。,"""小艾忽然看到前方有一扇大門微微敞開，透出溫暖的光線。""她的心中燃起一絲希望，加快腳步向那光明衝去，城市的陰影似乎在此刻稍稍退卻。"
413,1,Guide3,u033,4,2025/3/17  16:02:07 AM,TRUE,0,你的回答正確！,"小艾進入大門，發現裡面是一間溫暖的咖啡廳，裡面的人們驚訝地看著她。她慌忙關上門，""安全的庇護讓她的心稍稍平靜，恐懼似乎在這一刻暫時消散。"""
414,1,Guide4,u033,1,2025/3/17  16:02:42 AM,TRUE,0,使用者的回答正確。,"小艾快速掃視四周，眼前出現一扇通往後巷的小門。她心中一亮，""這裡或許能幫助我逃離追逐。""她毫不猶豫地衝向小門，希望能在黑暗中找到一線生機。"
415,1,Guide5,u033,3,2025/3/17  16:04:10 AM,TRUE,0,您的回答正確。,"小艾推開小門，發現裡面是一條狹窄的後巷，牆壁上掛著一盞微弱的燈，映出一條通向另一條街的道路。心中一陣振奮，她迅速轉身，奔向那道光亮，""這樣我或許能甩掉身後的陰影。"""
416,1,Guide6,u033,1,2025/3/17  16:05:16 AM,TRUE,0,回答正確。,"""小艾的身體被一股無形的力量推動，突然發現前方的巷子裡有家24小時的便利商店，店內的閃爍燈光仿佛是她的庇護所，她加速衝向那道光亮，心中燃起一絲希望。"""
417,1,Guide7,u033,1,2025/3/17  16:05:53 AM,TRUE,0,你的回答正確，解題過程合理。,"""便利商店的門開著，裡面傳來熟悉的音樂和商店的嗶嗶聲，讓小艾感到如釋重負。她迅速衝進去，轉身用力關上門，屏住呼吸，心跳在那片安全的空間裡逐漸平息。"""
418,1,Guide8,u033,2,2025/3/17  16:06:46 AM,TRUE,0,你的回答正確。,"""便利商店的店員聽到她的呼吸急促，立即迎上前關心，並將她引向後面的防火門。小艾在那一刻感受到一絲希望，冷汗逐漸退去，她知道自己終於找到了一個藏身之處。"""
419,1,Guide9,u033,4,2025/3/17  16:07:49 AM,FALSE,1,您的回答是不正確的，正確答案為 3。,"""街道空蕩蕩，沒有其他人影，仿佛只有她和那道追逐的陰影。""小艾壓抑著心中的恐懼，四周的寂靜讓她倍感孤獨，隨時可能被發現的危機感再度襲來。"
420,1,Guide9,u033,3,2025/3/17  16:08:36 AM,TRUE,1,使用者的回答正確。,"就在小艾快要絕望之際，她看到街角有一扇微微開啟的門，心中一亮，""或許可以暫時躲避追逐的陰影！""她毫不猶豫地衝向那扇門，心中燃起一絲希望。"
421,1,Guide10,u033,0,2025/3/17  16:09:04 AM,FALSE,2,你的回答不正確，請檢查你的計算過程。,"""門後傳來低語聲，似乎有未知的危險潛伏。""小艾剛推開那扇門，內心的希望瞬間被懷疑吞噬。她在黑暗中停下腳步，感到一陣寒意襲來，無法確定接下來的選擇。"
422,1,Guide0,u033,13,2025/3/17  16:13:24 AM,TRUE,0,您的回答正確。,張宇忽然看到前方有一道閃爍的燈光，心中燃起一絲希望，他拼命朝那方向跑去，心中默念：“只要能抵達那裡，就能逃離這追擊。”希望的火焰在黑暗中點亮，讓他再度增加了勇氣。
